;Title;Production
0;Bridgerton;Netflix
1;Cobra Kai;Netflix
2;Money Heist;Netflix
3;Lucifer;Netflix
4;Peaky Blinders;Netflix
5;Chilling Adventures of Sabrina;Netflix
6;The Seven Deadly Sins;Netflix
7;Dragons: Race to the Edge;Netflix
8;The Queen's Gambit;Netflix
9;The Crown;Netflix
10;Locked Up;Netflix
11;We Can Be Heroes;Netflix
12;Anne with an E;Netflix
13;Stranger Things;Netflix
14;The Umbrella Academy;Netflix
15;Virgin River;Netflix
16;Mako Mermaids: An H2O Adventure;Netflix
17;El Dragón: Return of a Warrior;Netflix
18;Free Rein;Netflix
19;Trollhunters: Tales of Arcadia;Netflix
20;Shooter;Netflix
21;Shadowhunters: The Mortal Instruments;Netflix
22;Emily in Paris;Netflix
23;Spirit Riding Free;Netflix
24;Lupin;Netflix
25;Elite;Netflix
26;Jurassic World Camp Cretaceous;Netflix
27;Orange Is the New Black;Netflix
28;The Witcher;Netflix
29;Star Trek: Discovery;Netflix
30;Tiny Pretty Things;Netflix
31;Dynasty;Netflix
32;Sex Education;Netflix
33;Narcos;Netflix
34;The Last Kingdom;Netflix
35;You;Netflix
36;Gabby's Dollhouse;Netflix
37;Kakegurui;Netflix
38;Lost in Space;Netflix
39;13 Reasons Why;Netflix
40;Marvel's Iron Fist;Netflix
41;Good Morning, Verônica;Netflix
42;Sintonia;Netflix
43;Designated Survivor;Netflix
44;El Chapo;Netflix
45;She-Ra and the Princesses of Power;Netflix
46;Dark Desire;Netflix
47;Good Girls;Netflix
48;La Reina del Sur;Netflix
49;The Worst Witch;Netflix
50;Just Another Christmas;Netflix
51;Ozark;Netflix
52;Titans;Netflix
53;Marvel's The Punisher;Netflix
54;The Yard;Netflix
55;The Boss Baby: Back in Business;Netflix
56;Julie and the Phantoms;Netflix
57;Alexa & Katie;Netflix
58;Go! Live Your Way;Netflix
59;Pup Academy;Netflix
60;Meteor Garden;Netflix
61;Disenchantment;Netflix
62;Unauthorized Living;Netflix
63;Atypical;Netflix
64;Extraction;Netflix
65;Surviving Death;Netflix
66;The SpongeBob Movie: Sponge on the Run;Netflix
67;Dark;Netflix
68;The Old Guard;Netflix
69;Chip and Potato;Netflix
70;All Hail King Julien;Netflix
71;Greenleaf;Netflix
72;Alice in Borderland;Netflix
73;Over the Moon;Netflix
74;Spenser Confidential;Netflix
75;Elite;Netflix
76;Tiny Pretty Things;Netflix
77;Narcos;Netflix
78;You;Netflix
79;Lost in Space;Netflix
80;13 Reasons Why;Netflix
81;Marvel's Iron Fist;Netflix
82;Good Morning, Verônica;Netflix
83;Designated Survivor;Netflix
84;Dark Desire;Netflix
85;Good Girls;Netflix
86;La Reina del Sur;Netflix
87;The Yard;Netflix
88;Dark;Netflix
89;Alice in Borderland;Netflix
90;Orphan Black;Netflix
91;The Haunting of Bly Manor;Netflix
92;The Order;Netflix
93;Sweet Home;Netflix
94;The Rain;Netflix
95;Toy Boy;Netflix
96;The Haunting of Hill House;Netflix
97;The Alienist;Netflix
98;Mystery Lab;Netflix
99;The Mess You Leave Behind;Netflix
100;The Protector;Netflix
101;Black Mirror;Netflix
102;Scream;Netflix
103;To the Lake;Netflix
104;Ingobernable;Netflix
105;Messiah;Netflix
106;The Barrier;Netflix
107;Sense8;Netflix
108;Bordertown;Netflix
109;Warrior Nun;Netflix
110;The Forest;Netflix
111;Undercover;Netflix
112;The A List;Netflix
113;La Mante;Netflix
114;High Seas;Netflix
115;Ratched;Netflix
116;Better Than Us;Netflix
117;The Stranger;Netflix
118;Hemlock Grove;Netflix
119;Manhunt;Netflix
120;The Sinner;Netflix
121;The Mist;Netflix
122;Somewhere Between;Netflix
123;The Society;Netflix
124;Bloodline;Netflix
125;Safe;Netflix
126;Bodyguard;Netflix
127;Wanted;Netflix
128;Marvel's The Defenders;Netflix
129;72 Dangerous Animals: Latin America;Netflix
130;Blood & Water;Netflix
131;72 Dangerous Animals: Asia;Netflix
132;Slasher;Netflix
133;Into the Night;Netflix
134;Caliphate;Netflix
135;V Wars;Netflix
136;Deadwind;Netflix
137;Bad Blood;Netflix
138;The Gift;Netflix
139;The Great Heist;Netflix
140;Black Summer;Netflix
141;Marianne;Netflix
142;WHAT / IF;Netflix
143;7SEEDS;Netflix
144;Black Spot;Netflix
145;The Break;Netflix
146;Dracula;Netflix
147;The I-Land;Netflix
148;Another Life;Netflix
149;The Valhalla Murders;Netflix
150;The Queen's Gambit;Netflix
151;The Crown;Netflix
152;Locked Up;Netflix
153;We Can Be Heroes;Netflix
154;The Umbrella Academy;Netflix
155;Virgin River;Netflix
156;El Dragón: Return of a Warrior;Netflix
157;Emily in Paris;Netflix
158;Lupin;Netflix
159;Elite;Netflix
160;Jurassic World Camp Cretaceous;Netflix
161;Star Trek: Discovery;Netflix
162;Tiny Pretty Things;Netflix
163;Sex Education;Netflix
164;The Last Kingdom;Netflix
165;Gabby's Dollhouse;Netflix
166;13 Reasons Why;Netflix
167;Good Morning, Verônica;Netflix
168;She-Ra and the Princesses of Power;Netflix
169;Dark Desire;Netflix
170;Good Girls;Netflix
171;The Worst Witch;Netflix
172;Just Another Christmas;Netflix
173;Ozark;Netflix
174;The Boss Baby: Back in Business;Netflix
175;Julie and the Phantoms;Netflix
176;Alexa & Katie;Netflix
177;Pup Academy;Netflix
178;Unauthorized Living;Netflix
179;Extraction;Netflix
180;Surviving Death;Netflix
181;The SpongeBob Movie: Sponge on the Run;Netflix
182;Dark;Netflix
183;The Old Guard;Netflix
184;Greenleaf;Netflix
185;Alice in Borderland;Netflix
186;Over the Moon;Netflix
187;Spenser Confidential;Netflix
188;The Haunting of Bly Manor;Netflix
189;The Kissing Booth 2;Netflix
190;Fast & Furious Spy Racers;Netflix
191;Enola Holmes;Netflix
192;Outer Banks;Netflix
193;Feel the Beat;Netflix
194;Better Call Saul;Netflix
195;The Order;Netflix
196;Pieces of a Woman;Netflix
197;Greenhouse Academy;Netflix
198;Never Have I Ever;Netflix
199;Hilda;Netflix
200;Sweet Home;Netflix
201;Ava;Netflix
202;Anitta: Made In Honório;Netflix
203;Monarca;Netflix
204;Fuller House;Netflix
205;The Ranch;Netflix
206;The Rain;Netflix
207;The Last Dance;Netflix
208;The Midnight Sky;Netflix
209;The Good Place;Netflix
210;Airplane Mode;Netflix
211;Grace and Frankie;Netflix
212;Car Masters: Rust to Riches;Netflix
213;How to Sell Drugs Online (Fast);Netflix
214;A Fall from Grace;Netflix
215;Headspace Guide to Meditation;Netflix
216;Home for Christmas;Netflix
217;The Uncanny Counter;Netflix
218;Pets United;Netflix
219;Project Power;Netflix
220;Ragnarok;Netflix
221;The Circle Brazil;Netflix
222;The Christmas Chronicles: Part Two;Netflix
223;Holidate;Netflix
224;Family Reunion;Netflix
225;Dragons: Race to the Edge;Netflix
226;Anne with an E;Netflix
227;Mako Mermaids: An H2O Adventure;Netflix
228;Free Rein;Netflix
229;Trollhunters: Tales of Arcadia;Netflix
230;Spirit Riding Free;Netflix
231;Jurassic World Camp Cretaceous;Netflix
232;Gabby's Dollhouse;Netflix
233;Lost in Space;Netflix
234;She-Ra and the Princesses of Power;Netflix
235;The Worst Witch;Netflix
236;The Boss Baby: Back in Business;Netflix
237;Julie and the Phantoms;Netflix
238;Alexa & Katie;Netflix
239;Go! Live Your Way;Netflix
240;Pup Academy;Netflix
241;Chip and Potato;Netflix
242;All Hail King Julien;Netflix
243;Fast & Furious Spy Racers;Netflix
244;Greenhouse Academy;Netflix
245;Hilda;Netflix
246;Fuller House;Netflix
247;The Dragon Prince;Netflix
248;Project Mc²;Netflix
249;The Adventures of Puss in Boots;Netflix
250;Turbo FAST;Netflix
251;Family Reunion;Netflix
252;Dinotrux;Netflix
253;Carmen Sandiego;Netflix
254;One Day at a Time;Netflix
255;The Baby-Sitters Club;Netflix
256;Dawn of the Croods;Netflix
257;A Series of Unfortunate Events;Netflix
258;The Epic Tales of Captain Underpants;Netflix
259;Trolls: The Beat Goes On!;Netflix
260;Marlon;Netflix
261;Glitter Force;Netflix
262;Kipo and the Age of Wonderbeasts;Netflix
263;Ever After High;Netflix
264;The New Legends of Monkey;Netflix
265;Mighty Little Bheem;Netflix
266;Richie Rich;Netflix
267;Spirit Riding Free: Riding Academy;Netflix
268;Malibu Rescue: The Series;Netflix
269;The InBESTigators;Netflix
270;Mighty Little Bheem: Kite Festival;Netflix
271;Edgar Rice Burroughs' Tarzan and Jane;Netflix
272;Dinotrux Supercharged;Netflix
273;Wizards: Tales of Arcadia;Netflix
274;H2O: Mermaid Adventures;Netflix
275;Voltron: Legendary Defender;Netflix
276;True and the Rainbow Kingdom;Netflix
277;3Below: Tales of Arcadia;Netflix
278;Hello Ninja;Netflix
279;Some Assembly Required;Netflix
280;All Hail King Julien: Exiled;Netflix
281;The Last Kids on Earth;Netflix
282;Wakfu;Netflix
283;Super Monsters;Netflix
284;Raising Dion;Netflix
285;The Boss Baby: Get That Baby!;Netflix
286;Creeped Out;Netflix
287;Kong: King of the Apes;Netflix
288;World of Winx;Netflix
289;Glitter Force Doki Doki;Netflix
290;Shaun the Sheep: Adventures from Mossy Bottom;Netflix
291;Spirit Riding Free: Pony Tales;Netflix
292;Word Party;Netflix
293;Dragons: Rescue Riders;Netflix
294;Ashley Garcia: Genius in Love;Netflix
295;THE UNLISTED;Netflix
296;Team Kaylie;Netflix
297;True: Wonderful Wishes;Netflix
298;Sugar Rush;Netflix
299;The Big Show Show;Netflix
300;Stranger Things;Netflix
301;Shooter;Netflix
302;Shadowhunters: The Mortal Instruments;Netflix
303;Emily in Paris;Netflix
304;Orange Is the New Black;Netflix
305;The Witcher;Netflix
306;Star Trek: Discovery;Netflix
307;Tiny Pretty Things;Netflix
308;Dynasty;Netflix
309;Narcos;Netflix
310;You;Netflix
311;Lost in Space;Netflix
312;13 Reasons Why;Netflix
313;Marvel's Iron Fist;Netflix
314;Designated Survivor;Netflix
315;El Chapo;Netflix
316;Good Girls;Netflix
317;Ozark;Netflix
318;Titans;Netflix
319;Marvel's The Punisher;Netflix
320;Big Mouth;Netflix
321;Disenchantment;Netflix
322;Atypical;Netflix
323;Surviving Death;Netflix
324;Greenleaf;Netflix
325;The Haunting of Bly Manor;Netflix
326;Marvel's Daredevil;Netflix
327;Outer Banks;Netflix
328;Better Call Saul;Netflix
329;BoJack Horseman;Netflix
330;Never Have I Ever;Netflix
331;Our Planet;Netflix
332;Fuller House;Netflix
333;The Ranch;Netflix
334;The Last Dance;Netflix
335;The Good Place;Netflix
336;Insatiable;Netflix
337;Grace and Frankie;Netflix
338;Car Masters: Rust to Riches;Netflix
339;Headspace Guide to Meditation;Netflix
340;Castlevania;Netflix
341;The Haunting of Hill House;Netflix
342;The Alienist;Netflix
343;MINDHUNTER;Netflix
344;One Day at a Time;Netflix
345;Black Lightning;Netflix
346;On My Block;Netflix
347;Marvel's Luke Cage;Netflix
348;Marco Polo;Netflix
349;Scream;Netflix
350;RuPaul's Drag Race;Netflix
351;Formula 1: Drive to Survive;Netflix
352;Marlon;Netflix
353;When They See Us;Netflix
354;Ultimate Beastmaster Brasil;Netflix
355;Narcos: Mexico;Netflix
356;Marvel's Jessica Jones;Netflix
357;House of Cards;Netflix
358;Locke & Key;Netflix
359;Unbelievable;Netflix
360;Sweet Magnolias;Netflix
361;Self Made: Inspired by the Life of Madam C.J. Walker;Netflix
362;Love Is Blind;Netflix
363;Cursed;Netflix
364;The Trials of Gabriel Fernandez;Netflix
365;Santa Clarita Diet;Netflix
366;Final Space;Netflix
367;Messiah;Netflix
368;Godless;Netflix
369;Sense8;Netflix
370;Dirk Gently's Holistic Detective Agency;Netflix
371;Snowpiercer;Netflix
372;Warrior Nun;Netflix
373;Spinning Out;Netflix
374;Trinkets;Netflix
375;Star Trek: Discovery;Netflix
376;La Reina del Sur;Netflix
377;Ozark;Netflix
378;Big Mouth;Netflix
379;Greenleaf;Netflix
380;Orphan Black;Netflix
381;Crash Landing on You;Netflix
382;Better Call Saul;Netflix
383;Cable Girls;Netflix
384;BoJack Horseman;Netflix
385;Our Planet;Netflix
386;The Last Dance;Netflix
387;The Good Place;Netflix
388;The End of the F***ing World;Netflix
389;The Alienist;Netflix
390;One Day at a Time;Netflix
391;Itaewon Class;Netflix
392;Black Mirror;Netflix
393;RuPaul's Drag Race;Netflix
394;When They See Us;Netflix
395;House of Cards;Netflix
396;Unbelievable;Netflix
397;Glitch;Netflix
398;Godless;Netflix
399;Sense8;Netflix
400;Dead to Me;Netflix
401;Unorthodox;Netflix
402;The Queen of Flow;Netflix
403;Bloodline;Netflix
404;Bodyguard;Netflix
405;Queer Eye;Netflix
406;Arrested Development;Netflix
407;Marcella;Netflix
408;Mr. Sunshine;Netflix
409;Love, Death & Robots;Netflix
410;Slasher;Netflix
411;Unbreakable Kimmy Schmidt;Netflix
412;Alias Grace;Netflix
413;Bad Blood;Netflix
414;Don't F**k with Cats: Hunting an Internet Killer;Netflix
415;The Kominsky Method;Netflix
416;Chef's Table;Netflix
417;Dear White People;Netflix
418;The Final Table;Netflix
419;Inside Bill's Brain: Decoding Bill Gates;Netflix
420;Trailer Park Boys;Netflix
421;Hollywood;Netflix
422;Seven Seconds;Netflix
423;Wild Wild Country;Netflix
424;Nobody's Looking;Netflix
425;Rhythm + Flow;Netflix
426;When the Camellia Blooms;Netflix
427;Last Chance U;Netflix
428;The Twelve;Netflix
429;Making a Murderer;Netflix
430;Black Mirror: Bandersnatch;Netflix
431;Delhi Crime;Netflix
432;Prison Playbook;Netflix
433;Tales of the City;Netflix
434;Russian Doll;Netflix
435;Comedians in Cars Getting Coffee;Netflix
436;GLOW;Netflix
437;The Dark Crystal: Age of Resistance;Netflix
438;Special;Netflix
439;Secret City;Netflix
440;Cheer;Netflix
441;Hip-Hop Evolution;Netflix
442;Master of None;Netflix
443;Giri / Haji;Netflix
444;The Staircase;Netflix
445;The Defiant Ones;Netflix
446;Stateless;Netflix
447;Tuca & Bertie;Netflix
448;Dolly Parton's Heartstrings;Netflix
449;The Letdown;Netflix
450;El Dragón: Return of a Warrior;Netflix
451;Designated Survivor;Netflix
452;El Chapo;Netflix
453;Titans;Netflix
454;Marvel's The Punisher;Netflix
455;Unauthorized Living;Netflix
456;Dark;Netflix
457;Spenser Confidential;Netflix
458;Brotherhood;Netflix
459;Better Call Saul;Netflix
460;Ava;Netflix
461;The Last Dance;Netflix
462;Toy Boy;Netflix
463;Car Masters: Rust to Riches;Netflix
464;6 Underground;Netflix
465;Project Power;Netflix
466;Castlevania;Netflix
467;Surviving Escobar - Alias JJ;Netflix
468;Barbarians;Netflix
469;Marco Polo;Netflix
470;The Mechanism;Netflix
471;Formula 1: Drive to Survive;Netflix
472;Las muñecas de la mafia;Netflix
473;Narcos: Mexico;Netflix
474;Stolen Away;Netflix
475;Cursed;Netflix
476;Mosul;Netflix
477;Suburra: Blood on Rome;Netflix
478;Bordertown;Netflix
479;Snowpiercer;Netflix
480;The Forest;Netflix
481;Undercover;Netflix
482;Altered Carbon;Netflix
483;Undercover Law;Netflix
484;Mowgli: Legend of the Jungle;Netflix
485;Dorohedoro;Netflix
486;Quicksand;Netflix
487;Triple Frontier;Netflix
488;Dare Me;Netflix
489;Lost Bullet;Netflix
490;Daybreak;Netflix
491;Hyperdrive;Netflix
492;SWORDGAI The Animation;Netflix
493;The Irishman;Netflix
494;Top Boy;Netflix
495;Marvel's The Defenders;Netflix
496;Polar;Netflix
497;From Dusk Till Dawn;Netflix
498;Love, Death & Robots;Netflix
499;Mirage;Netflix
500;Bright;Netflix
501;V Wars;Netflix
502;Deadwind;Netflix
503;Wu Assassins;Netflix
504;El marginal;Netflix
505;Rogue City;Netflix
506;The Great Heist;Netflix
507;Message from the King;Netflix
508;Fractured;Netflix
509;Black Summer;Netflix
510;Devilman Crybaby;Netflix
511;Burn Out;Netflix
512;The Crew;Netflix
513;Matchday: Inside FC Barcelona;Netflix
514;Black Spot;Netflix
515;Crouching Tiger, Hidden Dragon: Sword of Destiny;Netflix
516;The Break;Netflix
517;The Inmate;Netflix
518;The Beast;Netflix
519;Sand Castle;Netflix
520;Heavy Rescue: 401;Netflix
521;Happy!;Netflix
522;White Lines;Netflix
523;Fastest Car;Netflix
524;Freud;Netflix
525;Lupin;Netflix
526;The Yard;Netflix
527;Meteor Garden;Netflix
528;Dark;Netflix
529;Crash Landing on You;Netflix
530;Cable Girls;Netflix
531;Sweet Home;Netflix
532;The Rain;Netflix
533;Accidentally in Love;Netflix
534;Toy Boy;Netflix
535;How to Sell Drugs Online (Fast);Netflix
536;Home for Christmas;Netflix
537;The Uncanny Counter;Netflix
538;My First First Love;Netflix
539;Ragnarok;Netflix
540;It's Okay to Not Be Okay;Netflix
541;The King: Eternal Monarch;Netflix
542;Record of Youth;Netflix
543;Love Alarm;Netflix
544;Start-Up;Netflix
545;Barbarians;Netflix
546;Vagabond;Netflix
547;Well-Intended Love;Netflix
548;My Holo Love;Netflix
549;The Mess You Leave Behind;Netflix
550;Itaewon Class;Netflix
551;To the Lake;Netflix
552;Baby;Netflix
553;The Barrier;Netflix
554;Romance Is a Bonus Book;Netflix
555;Suburra: Blood on Rome;Netflix
556;Rita;Netflix
557;Bordertown;Netflix
558;The Forest;Netflix
559;Kingdom;Netflix
560;Undercover;Netflix
561;Extracurricular;Netflix
562;Morocco: Love in Times of War;Netflix
563;La Mante;Netflix
564;Ethos;Netflix
565;High Seas;Netflix
566;Unorthodox;Netflix
567;Better Than Us;Netflix
568;Luna Nera;Netflix
569;Do Do Sol Sol La La Sol;Netflix
570;Quicksand;Netflix
571;The Bonfire of Destiny;Netflix
572;Chocolate;Netflix
573;Call My Agent!;Netflix
574;Abyss;Netflix
575;Love 101;Netflix
576;Valeria;Netflix
577;Handsome Siblings;Netflix
578;Something in the Rain;Netflix
579;Blood & Water;Netflix
580;Mr. Sunshine;Netflix
581;Cathedral of the Sea;Netflix
582;Rookie Historian Goo Hae-Ryung;Netflix
583;One Spring Night;Netflix
584;Into the Night;Netflix
585;Caliphate;Netflix
586;Deadwind;Netflix
587;Hospital Playlist;Netflix
588;Merlí;Netflix
589;Hi Bye, Mama!;Netflix
590;The Gift;Netflix
591;Family Business;Netflix
592;Curon;Netflix
593;Marianne;Netflix
594;Girl from Nowhere;Netflix
595;Black;Netflix
596;Love & Anarchy;Netflix
597;Was It Love?;Netflix
598;Black Spot;Netflix
599;The Break;Netflix
600;Sex Education;Netflix
601;Good Girls;Netflix
602;The Boss Baby: Back in Business;Netflix
603;Julie and the Phantoms;Netflix
604;Alexa & Katie;Netflix
605;Pup Academy;Netflix
606;Disenchantment;Netflix
607;Atypical;Netflix
608;All Hail King Julien;Netflix
609;Crash Landing on You;Netflix
610;Never Have I Ever;Netflix
611;Fuller House;Netflix
612;The Ranch;Netflix
613;Accidentally in Love;Netflix
614;The Adventures of Puss in Boots;Netflix
615;The Good Place;Netflix
616;Insatiable;Netflix
617;Grace and Frankie;Netflix
618;How to Sell Drugs Online (Fast);Netflix
619;Home for Christmas;Netflix
620;The End of the F***ing World;Netflix
621;Family Reunion;Netflix
622;It's Okay to Not Be Okay;Netflix
623;Start-Up;Netflix
624;Well-Intended Love;Netflix
625;One Day at a Time;Netflix
626;A Series of Unfortunate Events;Netflix
627;On My Block;Netflix
628;The Epic Tales of Captain Underpants;Netflix
629;Trolls: The Beat Goes On!;Netflix
630;Marlon;Netflix
631;Kipo and the Age of Wonderbeasts;Netflix
632;Mighty Little Bheem;Netflix
633;Richie Rich;Netflix
634;Malibu Rescue: The Series;Netflix
635;Always a Witch;Netflix
636;Santa Clarita Diet;Netflix
637;The InBESTigators;Netflix
638;Mighty Little Bheem: Kite Festival;Netflix
639;Good Morning Call;Netflix
640;Romance Is a Bonus Book;Netflix
641;Dirk Gently's Holistic Detective Agency;Netflix
642;Rita;Netflix
643;Dead to Me;Netflix
644;Some Assembly Required;Netflix
645;All Hail King Julien: Exiled;Netflix
646;The Last Kids on Earth;Netflix
647;The Boss Baby: Get That Baby!;Netflix
648;Shaun the Sheep: Adventures from Mossy Bottom;Netflix
649;Dragons: Rescue Riders;Netflix
650;Ashley Garcia: Genius in Love;Netflix
651;Do Do Sol Sol La La Sol;Netflix
652;Team Kaylie;Netflix
653;You Me Her;Netflix
654;The Big Show Show;Netflix
655;I Am Not Okay With This;Netflix
656;Call My Agent!;Netflix
657;Workin' Moms;Netflix
658;Skylanders Academy;Netflix
659;Daybreak;Netflix
660;DASH & LILY;Netflix
661;Valeria;Netflix
662;Arrested Development;Netflix
663;Home: Adventures with Tip & Oh;Netflix
664;Alien TV;Netflix
665;Close Enough;Netflix
666;AJ and the Queen;Netflix
667;The Healing Powers of Dude;Netflix
668;Green Eggs and Ham;Netflix
669;Mr. Iglesias;Netflix
670;Unbreakable Kimmy Schmidt;Netflix
671;No Good Nick;Netflix
672;Hospital Playlist;Netflix
673;Hi Bye, Mama!;Netflix
674;The Mr. Peabody and Sherman Show;Netflix
675;Dynasty;Netflix
676;The Last Kingdom;Netflix
677;Marvel's Iron Fist;Netflix
678;Good Morning, Verônica;Netflix
679;Sintonia;Netflix
680;Dark Desire;Netflix
681;Good Girls;Netflix
682;La Reina del Sur;Netflix
683;Ozark;Netflix
684;Unauthorized Living;Netflix
685;Dark;Netflix
686;Alice in Borderland;Netflix
687;Orphan Black;Netflix
688;Brotherhood;Netflix
689;Marvel's Daredevil;Netflix
690;Better Call Saul;Netflix
691;Cable Girls;Netflix
692;The Order;Netflix
693;Sweet Home;Netflix
694;Monarca;Netflix
695;Van Helsing;Netflix
696;The Rain;Netflix
697;The Last Dance;Netflix
698;BAKI;Netflix
699;Insatiable;Netflix
700;Toy Boy;Netflix
701;How to Sell Drugs Online (Fast);Netflix
702;The Haunting of Hill House;Netflix
703;Barbarians;Netflix
704;The Alienist;Netflix
705;MINDHUNTER;Netflix
706;The Mess You Leave Behind;Netflix
707;The Protector;Netflix
708;Marvel's Luke Cage;Netflix
709;Marco Polo;Netflix
710;Scream;Netflix
711;When They See Us;Netflix
712;Las muñecas de la mafia;Netflix
713;Control Z;Netflix
714;To the Lake;Netflix
715;Narcos: Mexico;Netflix
716;Baby;Netflix
717;Marvel's Jessica Jones;Netflix
718;House of Cards;Netflix
719;Locke & Key;Netflix
720;Unbelievable;Netflix
721;Ingobernable;Netflix
722;Girls from Ipanema;Netflix
723;Always a Witch;Netflix
724;Great Pretender;Netflix
725;Glitch;Netflix
726;Messiah;Netflix
727;Equinox;Netflix
728;The Barrier;Netflix
729;Godless;Netflix
730;Sense8;Netflix
731;Suburra: Blood on Rome;Netflix
732;Bordertown;Netflix
733;Warrior Nun;Netflix
734;Kingdom;Netflix
735;Dead to Me;Netflix
736;Undercover;Netflix
737;Frontier;Netflix
738;Blood of Zeus;Netflix
739;Away;Netflix
740;Altered Carbon;Netflix
741;La Mante;Netflix
742;High Seas;Netflix
743;Undercover Law;Netflix
744;Unorthodox;Netflix
745;Ratched;Netflix
746;Luna Nera;Netflix
747;Hemlock Grove;Netflix
748;The Sinner;Netflix
749;Unsolved;Netflix
750;The Seven Deadly Sins;Netflix
751;Jurassic World Camp Cretaceous;Netflix
752;Kakegurui;Netflix
753;She-Ra and the Princesses of Power;Netflix
754;Fast & Furious Spy Racers;Netflix
755;Outer Banks;Netflix
756;Van Helsing;Netflix
757;The Dragon Prince;Netflix
758;The Last Dance;Netflix
759;Project Mc²;Netflix
760;Turbo FAST;Netflix
761;Car Masters: Rust to Riches;Netflix
762;The Uncanny Counter;Netflix
763;Ragnarok;Netflix
764;The Circle Brazil;Netflix
765;Surviving Escobar - Alias JJ;Netflix
766;Dinotrux;Netflix
767;Carmen Sandiego;Netflix
768;Barbarians;Netflix
769;Vagabond;Netflix
770;Black Lightning;Netflix
771;Little Witch Academia;Netflix
772;The Protector;Netflix
773;Marvel's Luke Cage;Netflix
774;Marco Polo;Netflix
775;The Epic Tales of Captain Underpants;Netflix
776;Formula 1: Drive to Survive;Netflix
777;Glitter Force;Netflix
778;Kipo and the Age of Wonderbeasts;Netflix
779;Ultimate Beastmaster Brasil;Netflix
780;The New Legends of Monkey;Netflix
781;Marvel's Jessica Jones;Netflix
782;Magi: Adventure of Sinbad;Netflix
783;Malibu Rescue: The Series;Netflix
784;Edgar Rice Burroughs' Tarzan and Jane;Netflix
785;​SAINT SEIYA: Knights of the Zodiac;Netflix
786;Dinotrux Supercharged;Netflix
787;Wizards: Tales of Arcadia;Netflix
788;Dirk Gently's Holistic Detective Agency;Netflix
789;Suburra: Blood on Rome;Netflix
790;BNA;Netflix
791;Voltron: Legendary Defender;Netflix
792;Warrior Nun;Netflix
793;Kingdom;Netflix
794;Undercover;Netflix
795;The Last Kids on Earth;Netflix
796;Wakfu;Netflix
797;Away;Netflix
798;Undercover Law;Netflix
799;Raising Dion;Netflix
800;The Boss Baby: Get That Baby!;Netflix
801;Kong: King of the Apes;Netflix
802;World of Winx;Netflix
803;Glitter Force Doki Doki;Netflix
804;Bolívar;Netflix
805;THE UNLISTED;Netflix
806;Sugar Rush;Netflix
807;The Hollow;Netflix
808;Skylanders Academy;Netflix
809;Travelers;Netflix
810;Daybreak;Netflix
811;Hyperdrive;Netflix
812;Bodyguard;Netflix
813;Wanted;Netflix
814;Glitch Techs;Netflix
815;Marvel's The Defenders;Netflix
816;Handsome Siblings;Netflix
817;You vs. Wild;Netflix
818;Roman Empire;Netflix
819;The Magic School Bus Rides Again;Netflix
820;Mr. Sunshine;Netflix
821;Spy Kids: Mission Critical;Netflix
822;Green Eggs and Ham;Netflix
823;Floor Is Lava;Netflix
824;Sugar Rush Christmas;Netflix
825;Just Another Christmas;Netflix
826;The SpongeBob Movie: Sponge on the Run;Netflix
827;Spenser Confidential;Netflix
828;The Kissing Booth 2;Netflix
829;Feel the Beat;Netflix
830;The Kissing Booth;Netflix
831;Airplane Mode;Netflix
832;To All the Boys I’ve Loved Before;Netflix
833;Pets United;Netflix
834;The Christmas Chronicles: Part Two;Netflix
835;Holidate;Netflix
836;The Christmas Chronicles;Netflix
837;Whindersson Nunes: Adult;Netflix
838;A California Christmas;Netflix
839;Murder Mystery;Netflix
840;To All the Boys: P.S. I Still Love You;Netflix
841;Work It;Netflix
842;Tall Girl;Netflix
843;Klaus;Netflix
844;Shaft;Netflix
845;The Climb;Netflix
846;Afonso Padilha: Classless;Netflix
847;Falling Inn Love;Netflix
848;Thiago Ventura: POKAS;Netflix
849;The Boss Baby: Get That Baby!;Netflix
850;The Perfect Date;Netflix
851;Asphalt Burning;Netflix
852;Rose Island;Netflix
853;Live Twice, Love Once;Netflix
854;The Babysitter: Killer Queen;Netflix
855;Sextuplets;Netflix
856;Rich in Love;Netflix
857;The Willoughbys;Netflix
858;Bad Seeds;Netflix
859;Love, Guaranteed;Netflix
860;Malibu Rescue;Netflix
861;Fierce;Netflix
862;The Ridiculous 6;Netflix
863;The Larva Island Movie;Netflix
864;Hubie Halloween;Netflix
865;Malibu Rescue: The Next Wave;Netflix
866;Nappily Ever After;Netflix
867;Animal Crackers;Netflix
868;Think Like a Dog;Netflix
869;The Wrong Missy;Netflix
870;The Sleepover;Netflix
871;Next Gen;Netflix
872;The Do-Over;Netflix
873;The Main Event;Netflix
874;Operation Christmas Drop;Netflix
875;The Babysitter;Netflix
876;The Knight Before Christmas;Netflix
877;Duck Duck Goose;Netflix
878;Set It Up;Netflix
879;A Shaun the Sheep Movie: Farmageddon;Netflix
880;Okja;Netflix
881;Dad Wanted;Netflix
882;Isn't It Romantic;Netflix
883;#realityhigh;Netflix
884;Dumplin';Netflix
885;The Last Summer;Netflix
886;Sierra Burgess Is a Loser;Netflix
887;The Package;Netflix
888;Fearless;Netflix
889;Seventeen;Netflix
890;Arctic Dogs;Netflix
891;The Week Of;Netflix
892;You've Got This;Netflix
893;Death to 2020;Netflix
894;The Half Of It;Netflix
895;The Fundamentals of Caring;Netflix
896;Isi & Ossi;Netflix
897;MILF;Netflix
898;Step Sisters;Netflix
899;Someone Great;Netflix
900;The Worst Witch;Netflix
901;Over the Moon;Netflix
902;Enola Holmes;Netflix
903;Greenhouse Academy;Netflix
904;Hilda;Netflix
905;Our Planet;Netflix
906;Fuller House;Netflix
907;The Dragon Prince;Netflix
908;Project Mc²;Netflix
909;Airplane Mode;Netflix
910;Turbo FAST;Netflix
911;The Boy Who Harnessed the Wind;Netflix
912;The Christmas Chronicles: Part Two;Netflix
913;Family Reunion;Netflix
914;Carmen Sandiego;Netflix
915;One Day at a Time;Netflix
916;The Christmas Chronicles;Netflix
917;The Baby-Sitters Club;Netflix
918;Dawn of the Croods;Netflix
919;Little Witch Academia;Netflix
920;A Series of Unfortunate Events;Netflix
921;The Epic Tales of Captain Underpants;Netflix
922;The Princess Switch: Switched Again;Netflix
923;Marlon;Netflix
924;Kipo and the Age of Wonderbeasts;Netflix
925;Ultimate Beastmaster Brasil;Netflix
926;The New Legends of Monkey;Netflix
927;Tall Girl;Netflix
928;Richie Rich;Netflix
929;The Princess Switch;Netflix
930;Spirit Riding Free: Riding Academy;Netflix
931;Malibu Rescue: The Series;Netflix
932;Klaus;Netflix
933;The InBESTigators;Netflix
934;Edgar Rice Burroughs' Tarzan and Jane;Netflix
935;Wizards: Tales of Arcadia;Netflix
936;H2O: Mermaid Adventures;Netflix
937;Voltron: Legendary Defender;Netflix
938;3Below: Tales of Arcadia;Netflix
939;Some Assembly Required;Netflix
940;All Hail King Julien: Exiled;Netflix
941;The Last Kids on Earth;Netflix
942;Wakfu;Netflix
943;The A List;Netflix
944;Raising Dion;Netflix
945;The Boss Baby: Get That Baby!;Netflix
946;Creeped Out;Netflix
947;Mowgli: Legend of the Jungle;Netflix
948;Kong: King of the Apes;Netflix
949;Spirit Riding Free: Pony Tales;Netflix
950;A Whisker Away;Netflix
951;Benji;Netflix
952;Pokémon: Mewtwo Strikes Back - Evolution;Netflix
953;Ashley Garcia: Genius in Love;Netflix
954;Nailed It!;Netflix
955;THE UNLISTED;Netflix
956;Team Kaylie;Netflix
957;Sugar Rush;Netflix
958;The Big Show Show;Netflix
959;The Hollow;Netflix
960;The Willoughbys;Netflix
961;Skylanders Academy;Netflix
962;Glitch Techs;Netflix
963;Malibu Rescue;Netflix
964;Brainchild;Netflix
965;Go Karts;Netflix
966;You vs. Wild;Netflix
967;Alien TV;Netflix
968;Spy Kids: Mission Critical;Netflix
969;The World's Most Extraordinary Homes;Netflix
970;The Healing Powers of Dude;Netflix
971;Nailed It! Mexico;Netflix
972;Green Eggs and Ham;Netflix
973;Malibu Rescue: The Next Wave;Netflix
974;Floor Is Lava;Netflix
975;Surviving Death;Netflix
976;Alice in Borderland;Netflix
977;Brotherhood;Netflix
978;The Haunting of Bly Manor;Netflix
979;Never Have I Ever;Netflix
980;Sweet Home;Netflix
981;The Last Dance;Netflix
982;Car Masters: Rust to Riches;Netflix
983;How to Sell Drugs Online (Fast);Netflix
984;Home for Christmas;Netflix
985;The Uncanny Counter;Netflix
986;The End of the F***ing World;Netflix
987;Ragnarok;Netflix
988;Greatest Events of WWII in Colour;Netflix
989;The Haunting of Hill House;Netflix
990;Barbarians;Netflix
991;The Mess You Leave Behind;Netflix
992;Violet Evergarden;Netflix
993;Marlon;Netflix
994;When They See Us;Netflix
995;Control Z;Netflix
996;To the Lake;Netflix
997;Locke & Key;Netflix
998;Unbelievable;Netflix
999;Sweet Magnolias;Netflix
1000;Stolen Away;Netflix
1001;Girls from Ipanema;Netflix
1002;Cursed;Netflix
1003;Magi: Adventure of Sinbad;Netflix
1004;BEASTARS;Netflix
1005;The Trials of Gabriel Fernandez;Netflix
1006;Hi Score Girl;Netflix
1007;Great Pretender;Netflix
1008;​SAINT SEIYA: Knights of the Zodiac;Netflix
1009;Final Space;Netflix
1010;Messiah;Netflix
1011;Equinox;Netflix
1012;Godless;Netflix
1013;BNA;Netflix
1014;Warrior Nun;Netflix
1015;Spinning Out;Netflix
1016;Killer Ratings;Netflix
1017;Trinkets;Netflix
1018;The Forest;Netflix
1019;Aggretsuko;Netflix
1020;Kingdom;Netflix
1021;Too Hot to Handle;Netflix
1022;Extracurricular;Netflix
1023;Blood of Zeus;Netflix
1024;Away;Netflix
1025;La Mante;Netflix
1026;Ethos;Netflix
1027;Ratched;Netflix
1028;The Stranger;Netflix
1029;Luna Nera;Netflix
1030;Manhunt;Netflix
1031;Next in Fashion;Netflix
1032;Unsolved;Netflix
1033;The Mist;Netflix
1034;Somewhere Between;Netflix
1035;The Society;Netflix
1036;Dorohedoro;Netflix
1037;Quicksand;Netflix
1038;Dare Me;Netflix
1039;The Bonfire of Destiny;Netflix
1040;Diablero;Netflix
1041;Daybreak;Netflix
1042;Hyperdrive;Netflix
1043;Safe;Netflix
1044;SWORDGAI The Animation;Netflix
1045;Bodyguard;Netflix
1046;Teasing Master Takagi-san;Netflix
1047;Love 101;Netflix
1048;Top Boy;Netflix
1049;Valeria;Netflix
1050;Anitta: Made In Honório;Netflix
1051;Monarca;Netflix
1052;Fuller House;Netflix
1053;The Good Place;Netflix
1054;Grace and Frankie;Netflix
1055;One Day at a Time;Netflix
1056;To All the Boys: P.S. I Still Love You;Netflix
1057;Work It;Netflix
1058;Control Z;Netflix
1059;Baby;Netflix
1060;Marvel's Jessica Jones;Netflix
1061;Sweet Magnolias;Netflix
1062;Self Made: Inspired by the Life of Madam C.J. Walker;Netflix
1063;3%;Netflix
1064;Girls from Ipanema;Netflix
1065;Always a Witch;Netflix
1066;Sense8;Netflix
1067;Rita;Netflix
1068;What Happened to Monday;Netflix
1069;Warrior Nun;Netflix
1070;Trinkets;Netflix
1071;Dead to Me;Netflix
1072;Morocco: Love in Times of War;Netflix
1073;Undercover Law;Netflix
1074;The Queen of Flow;Netflix
1075;Ashley Garcia: Genius in Love;Netflix
1076;Somewhere Between;Netflix
1077;The Society;Netflix
1078;Dare Me;Netflix
1079;The Bonfire of Destiny;Netflix
1080;La Niña;Netflix
1081;Love, Guaranteed;Netflix
1082;The OA;Netflix
1083;Wanted;Netflix
1084;Gunjan Saxena: The Kargil Girl;Netflix
1085;Valeria;Netflix
1086;Blood & Water;Netflix
1087;Fierce;Netflix
1088;Unbreakable Kimmy Schmidt;Netflix
1089;Into the Night;Netflix
1090;Nappily Ever After;Netflix
1091;Vai Anitta;Netflix
1092;The Sleepover;Netflix
1093;The Gift;Netflix
1094;Unlocked;Netflix
1095;Dear White People;Netflix
1096;BLACKPINK: Light Up the Sky;Netflix
1097;Walk. Ride. Rodeo.;Netflix
1098;Gilmore Girls: A Year in the Life;Netflix
1099;Rock My Heart;Netflix
1100;Was It Love?;Netflix
1101;Selena: The Series;Netflix
1102;Let's Dance;Netflix
1103;ariana grande: excuse me, i love you;Netflix
1104;The I-Land;Netflix
1105;Another Life;Netflix
1106;Okja;Netflix
1107;Dad Wanted;Netflix
1108;Get Even;Netflix
1109;Perdida;Netflix
1110;Dumplin';Netflix
1111;HOMECOMING: A film by Beyoncé;Netflix
1112;Fugitiva;Netflix
1113;Biohackers;Netflix
1114;Girlboss;Netflix
1115;The Guernsey Literary and Potato Peel Pie Society;Netflix
1116;The Half Of It;Netflix
1117;Tidelands;Netflix
1118;I Am Mother;Netflix
1119;Private Lives;Netflix
1120;Step Sisters;Netflix
1121;Someone Great;Netflix
1122;Queen Sono;Netflix
1123;Brené Brown: The Call to Courage;Netflix
1124;Becoming;Netflix
1125;Better Call Saul;Netflix
1126;The Order;Netflix
1127;Van Helsing;Netflix
1128;The Rain;Netflix
1129;Insatiable;Netflix
1130;Toy Boy;Netflix
1131;How to Sell Drugs Online (Fast);Netflix
1132;The Haunting of Hill House;Netflix
1133;Barbarians;Netflix
1134;The Alienist;Netflix
1135;MINDHUNTER;Netflix
1136;The Mess You Leave Behind;Netflix
1137;A Series of Unfortunate Events;Netflix
1138;Marvel's Luke Cage;Netflix
1139;Marco Polo;Netflix
1140;When They See Us;Netflix
1141;Las muñecas de la mafia;Netflix
1142;Control Z;Netflix
1143;To the Lake;Netflix
1144;Baby;Netflix
1145;Marvel's Jessica Jones;Netflix
1146;House of Cards;Netflix
1147;Locke & Key;Netflix
1148;Unbelievable;Netflix
1149;Ingobernable;Netflix
1150;Girls from Ipanema;Netflix
1151;Always a Witch;Netflix
1152;Glitch;Netflix
1153;Messiah;Netflix
1154;The Barrier;Netflix
1155;Godless;Netflix
1156;Sense8;Netflix
1157;Suburra: Blood on Rome;Netflix
1158;Bordertown;Netflix
1159;Kingdom;Netflix
1160;Dead to Me;Netflix
1161;Undercover;Netflix
1162;Frontier;Netflix
1163;Away;Netflix
1164;Altered Carbon;Netflix
1165;La Mante;Netflix
1166;High Seas;Netflix
1167;Undercover Law;Netflix
1168;Unorthodox;Netflix
1169;Ratched;Netflix
1170;Luna Nera;Netflix
1171;The Sinner;Netflix
1172;Unsolved;Netflix
1173;The Society;Netflix
1174;Bloodline;Netflix
1175;Quicksand;Netflix
1176;Dare Me;Netflix
1177;I Am Not Okay With This;Netflix
1178;Travelers;Netflix
1179;The OA;Netflix
1180;Safe;Netflix
1181;Bodyguard;Netflix
1182;Top Boy;Netflix
1183;Marvel's The Defenders;Netflix
1184;All For Love;Netflix
1185;Blood & Water;Netflix
1186;Marcella;Netflix
1187;Mr. Sunshine;Netflix
1188;Into the Night;Netflix
1189;No Good Nick;Netflix
1190;Caliphate;Netflix
1191;V Wars;Netflix
1192;Family Business;Netflix
1193;The Kominsky Method;Netflix
1194;The House of Flowers;Netflix
1195;Black Summer;Netflix
1196;Dear White People;Netflix
1197;Curon;Netflix
1198;WHAT / IF;Netflix
1199;Between;Netflix
1200;Gabby's Dollhouse;Netflix
1201;Disenchantment;Netflix
1202;Chip and Potato;Netflix
1203;All Hail King Julien;Netflix
1204;The Dragon Prince;Netflix
1205;The Adventures of Puss in Boots;Netflix
1206;Turbo FAST;Netflix
1207;Headspace Guide to Meditation;Netflix
1208;Pets United;Netflix
1209;Dinotrux;Netflix
1210;Carmen Sandiego;Netflix
1211;Dawn of the Croods;Netflix
1212;The Epic Tales of Captain Underpants;Netflix
1213;Trolls: The Beat Goes On!;Netflix
1214;Kipo and the Age of Wonderbeasts;Netflix
1215;Ever After High;Netflix
1216;Mighty Little Bheem;Netflix
1217;Spirit Riding Free: Riding Academy;Netflix
1218;Klaus;Netflix
1219;Mighty Little Bheem: Kite Festival;Netflix
1220;Edgar Rice Burroughs' Tarzan and Jane;Netflix
1221;Dinotrux Supercharged;Netflix
1222;Wizards: Tales of Arcadia;Netflix
1223;H2O: Mermaid Adventures;Netflix
1224;Voltron: Legendary Defender;Netflix
1225;True and the Rainbow Kingdom;Netflix
1226;3Below: Tales of Arcadia;Netflix
1227;Hello Ninja;Netflix
1228;All Hail King Julien: Exiled;Netflix
1229;The Last Kids on Earth;Netflix
1230;Wakfu;Netflix
1231;Super Monsters;Netflix
1232;The Boss Baby: Get That Baby!;Netflix
1233;Kong: King of the Apes;Netflix
1234;World of Winx;Netflix
1235;Shaun the Sheep: Adventures from Mossy Bottom;Netflix
1236;Spirit Riding Free: Pony Tales;Netflix
1237;Word Party;Netflix
1238;Dragons: Rescue Riders;Netflix
1239;True: Wonderful Wishes;Netflix
1240;If Anything Happens I Love You;Netflix
1241;Ask the StoryBots;Netflix
1242;The Hollow;Netflix
1243;The Willoughbys;Netflix
1244;Skylanders Academy;Netflix
1245;Chico Bon Bon: Monkey with a Tool Belt;Netflix
1246;Glitch Techs;Netflix
1247;True: Magical Friends;Netflix
1248;Puffin Rock;Netflix
1249;VeggieTales in the House;Netflix
1250;Home: Adventures with Tip & Oh;Netflix
1251;The Magic School Bus Rides Again;Netflix
1252;Alien TV;Netflix
1253;Close Enough;Netflix
1254;The Larva Island Movie;Netflix
1255;Spy Kids: Mission Critical;Netflix
1256;Green Eggs and Ham;Netflix
1257;Charlie's Colorforms City;Netflix
1258;Animal Crackers;Netflix
1259;Trash Truck;Netflix
1260;White Fang;Netflix
1261;The Mr. Peabody and Sherman Show;Netflix
1262;Next Gen;Netflix
1263;Care Bears & Cousins;Netflix
1264;Harvey Girls Forever!;Netflix
1265;Duck Duck Goose;Netflix
1266;Go! Go! Cory Carson;Netflix
1267;Spirit Riding Free: Ride Along Adventure;Netflix
1268;Reboot: The Guardian Code;Netflix
1269;Pinky Malinky;Netflix
1270;A Shaun the Sheep Movie: Farmageddon;Netflix
1271;Archibald's Next Big Thing;Netflix
1272;True: Terrific Tales;Netflix
1273;Rhyme Time Town;Netflix
1274;VeggieTales in the City;Netflix
1275;Bosch;Prime Video
1276;Hand of God;Prime Video
1277;The Man in the High Castle;Prime Video
1278;Mad Dogs;Prime Video
1279;Goliath;Prime Video
1280;Good Girls Revolt;Prime Video
1281;Sneaky Pete;Prime Video
1282;Z: The Beginning of Everything;Prime Video
1283;Patriot;Prime Video
1284;The Last Tycoon;Prime Video
1285;Lore;Prime Video
1286;Hanna;Prime Video
1287;Betas;Prime Video
1288;Alpha House;Prime Video
1289;Transparent;Prime Video
1290;Mozart in the Jungle;Prime Video
1291;Red Oaks;Prime Video
1292;One Mississippi;Prime Video
1293;Crisis in Six Scenes;Prime Video
1294;I Love Dick;Prime Video
1295;Comrade Detective;Prime Video
1296;The Tick;Prime Video
1297;The Marvelous Mrs. Maisel;Prime Video
1298;Jean-Claude Van Johnson;Prime Video
1299;The Dangerous Book for Boys;Prime Video
1300;Upload;Prime Video
1301;Soltos em Floripa;Prime Video
1302;Tudo ou Nada: Seleção Brasileira;Prime Video
1303;Ripper Street;Prime Video
1304;The Collection;Prime Video
1305;Britannia;Prime Video
1306;Clifford The Big Red Dog (2019);Prime Video
1307;Variety;Prime Video
1308;Deadline;Prime Video
1309;Deadline;Prime Video
1310;Variety;Prime Video
1311;The Hollywood Reporter;Prime Video
1312;Variety;Prime Video
1313;Variety;Prime Video
1314;Variety;Prime Video
1315;a;Prime Video
1316;b;Prime Video
1317;c;Prime Video
1318;Deadline;Prime Video
1319;Deadline;Prime Video
1320;TVLine;Prime Video
1321;UOL;Prime Video
1322;Observatório do Cinema;Prime Video
1323;Variety;Prime Video
1324;The Grand Tour;Prime Video
1325;The Marvelous Mrs. Maisel;Prime Video
1326;Inside Edge;Prime Video
1327;Jack Ryan;Prime Video
1328;Hanna;Prime Video
1329;The Boys;Prime Video
1330;Carnival Row;Prime Video
1331;Undone;Prime Video
1332;El juego de las llaves;Prime Video
1333;The Feed;Prime Video
1334;The Expanse;Prime Video
1335;Hunters;Prime Video
1336;Tales from the Loop;Prime Video
1337;Upload;Prime Video
1338;Betas;Prime Video
1339;Transparent;Prime Video
1340;Mozart in the Jungle;Prime Video
1341;Ripper Street;Prime Video
1342;The Man in the High Castle;Prime Video
1343;Fleabag;Prime Video
1344;The Last Tycoon;Prime Video
1345;The Tick (série de televisão);Prime Video
1346;Crisis in Six Scenes;Prime Video
1347;Britannia;Prime Video
1348;Falco;Prime Video
1349;Good Omens;Prime Video
1350;Daisy Jones & The Six;Prime Video
1351;King Lear;Prime Video
1352;Zoe;Prime Video
1353;The Upside;Prime Video
1354;Guava Island;Prime Video
1355;My Spy;Prime Video
1356;Radioactive;Prime Video
1357;Chemical Hearts;Prime Video
