	Title	Production
0	Bridgerton	Netflix
1	Cobra Kai	Netflix
2	Lupin	Netflix
3	Money Heist	Netflix
4	Peaky Blinders	Netflix
5	Dragons: Race to the Edge	Netflix
6	Lucifer	Netflix
7	The Queen's Gambit	Netflix
8	The Seven Deadly Sins	Netflix
9	Locked Up	Netflix
10	Stranger Things	Netflix
11	Anne with an E	Netflix
12	The Crown	Netflix
13	We Can Be Heroes	Netflix
14	Free Rein	Netflix
15	Spirit Riding Free	Netflix
16	Chilling Adventures of Sabrina	Netflix
17	Shadowhunters: The Mortal Instruments	Netflix
18	Virgin River	Netflix
19	El Dragón: Return of a Warrior	Netflix
20	The Umbrella Academy	Netflix
21	Gabby's Dollhouse	Netflix
22	Mako Mermaids: An H2O Adventure	Netflix
23	Trollhunters: Tales of Arcadia	Netflix
24	The Last Kingdom	Netflix
25	Kakegurui	Netflix
26	Elite	Netflix
27	Sex Education	Netflix
28	Jurassic World Camp Cretaceous	Netflix
29	The Witcher	Netflix
30	Tiny Pretty Things	Netflix
31	Narcos	Netflix
32	Dark Desire	Netflix
33	Disenchantment	Netflix
34	Star Trek: Discovery	Netflix
35	Shooter	Netflix
36	Designated Survivor	Netflix
37	Marvel's The Punisher	Netflix
38	La Reina del Sur	Netflix
39	Emily in Paris	Netflix
40	Good Girls	Netflix
41	The Worst Witch	Netflix
42	Dynasty	Netflix
43	Good Morning, Verônica	Netflix
44	Orange Is the New Black	Netflix
45	You	Netflix
46	Marvel's Iron Fist	Netflix
47	Alice in Borderland	Netflix
48	Lost in Space	Netflix
49	Unauthorized Living	Netflix
50	El Chapo	Netflix
51	Sintonia	Netflix
52	The Boss Baby: Back in Business	Netflix
53	Feel the Beat	Netflix
54	Alexa & Katie	Netflix
55	Meteor Garden	Netflix
56	The SpongeBob Movie: Sponge on the Run	Netflix
57	Orphan Black	Netflix
58	Atypical	Netflix
59	Surviving Death	Netflix
60	Outer Banks	Netflix
61	Just Another Christmas	Netflix
62	Ozark	Netflix
63	Go! Live Your Way	Netflix
64	Titans	Netflix
65	The Yard	Netflix
66	13 Reasons Why	Netflix
67	Extraction	Netflix
68	She-Ra and the Princesses of Power	Netflix
69	Dark	Netflix
70	Julie and the Phantoms	Netflix
71	Over the Moon	Netflix
72	Crash Landing on You	Netflix
73	Pup Academy	Netflix
74	The Kissing Booth 2	Netflix
75	Lucifer	Netflix
76	Stranger Things	Netflix
77	Chilling Adventures of Sabrina	Netflix
78	Shadowhunters: The Mortal Instruments	Netflix
79	The Umbrella Academy	Netflix
80	Trollhunters: Tales of Arcadia	Netflix
81	Jurassic World Camp Cretaceous	Netflix
82	The Witcher	Netflix
83	Disenchantment	Netflix
84	Star Trek: Discovery	Netflix
85	Alice in Borderland	Netflix
86	Lost in Space	Netflix
87	Orphan Black	Netflix
88	Titans	Netflix
89	She-Ra and the Princesses of Power	Netflix
90	Dark	Netflix
91	Sweet Home	Netflix
92	The Uncanny Counter	Netflix
93	The Rain	Netflix
94	The Dragon Prince	Netflix
95	Van Helsing	Netflix
96	The Order	Netflix
97	The Haunting of Bly Manor	Netflix
98	My Holo Love	Netflix
99	Black Lightning	Netflix
100	The King: Eternal Monarch	Netflix
101	The Protector	Netflix
102	Cursed	Netflix
103	The Barrier	Netflix
104	Always a Witch	Netflix
105	3%	Netflix
106	Dirk Gently's Holistic Detective Agency	Netflix
107	Locke & Key	Netflix
108	The Haunting of Hill House	Netflix
109	Black Mirror	Netflix
110	Wizards: Tales of Arcadia	Netflix
111	To the Lake	Netflix
112	Sense8	Netflix
113	Raising Dion	Netflix
114	Ratched	Netflix
115	Warrior Nun	Netflix
116	Scream	Netflix
117	Altered Carbon	Netflix
118	Away	Netflix
119	The New Legends of Monkey	Netflix
120	Snowpiercer	Netflix
121	Glitch	Netflix
122	Travelers	Netflix
123	Better Than Us	Netflix
124	Kingdom	Netflix
125	I Am Not Okay With This	Netflix
126	3Below: Tales of Arcadia	Netflix
127	Santa Clarita Diet	Netflix
128	The Mist	Netflix
129	Into the Night	Netflix
130	Hemlock Grove	Netflix
131	Diablero	Netflix
132	Daybreak	Netflix
133	The OA	Netflix
134	Luna Nera	Netflix
135	From Dusk Till Dawn	Netflix
136	V Wars	Netflix
137	Abyss	Netflix
138	Wu Assassins	Netflix
139	Handsome Siblings	Netflix
140	Black Summer	Netflix
141	The I-Land	Netflix
142	Another Life	Netflix
143	Dracula	Netflix
144	Marianne	Netflix
145	The Letter for the King	Netflix
146	Alien Worlds	Netflix
147	Black	Netflix
148	Curon	Netflix
149	Biohackers	Netflix
150	The Queen's Gambit	Netflix
151	Virgin River	Netflix
152	The Witcher	Netflix
153	Tiny Pretty Things	Netflix
154	Narcos	Netflix
155	Disenchantment	Netflix
156	Star Trek: Discovery	Netflix
157	Shooter	Netflix
158	Designated Survivor	Netflix
159	Marvel's The Punisher	Netflix
160	Emily in Paris	Netflix
161	Good Girls	Netflix
162	Dynasty	Netflix
163	Orange Is the New Black	Netflix
164	You	Netflix
165	Marvel's Iron Fist	Netflix
166	Lost in Space	Netflix
167	El Chapo	Netflix
168	Big Mouth	Netflix
169	Atypical	Netflix
170	Surviving Death	Netflix
171	Outer Banks	Netflix
172	Ozark	Netflix
173	Titans	Netflix
174	13 Reasons Why	Netflix
175	Greenleaf	Netflix
176	The Good Place	Netflix
177	Fuller House	Netflix
178	Marvel's Daredevil	Netflix
179	Our Planet	Netflix
180	Never Have I Ever	Netflix
181	Castlevania	Netflix
182	BoJack Horseman	Netflix
183	The Haunting of Bly Manor	Netflix
184	On My Block	Netflix
185	Better Call Saul	Netflix
186	The Ranch	Netflix
187	Marvel's Luke Cage	Netflix
188	Grace and Frankie	Netflix
189	Black Lightning	Netflix
190	When They See Us	Netflix
191	The Last Dance	Netflix
192	Self Made: Inspired by the Life of Madam C.J. Walker	Netflix
193	Insatiable	Netflix
194	Sweet Magnolias	Netflix
195	Marvel's Jessica Jones	Netflix
196	The Alienist	Netflix
197	Love Is Blind	Netflix
198	Cursed	Netflix
199	RuPaul's Drag Race	Netflix
200	Formula 1: Drive to Survive	Netflix
201	Dirk Gently's Holistic Detective Agency	Netflix
202	MINDHUNTER	Netflix
203	Locke & Key	Netflix
204	Unbelievable	Netflix
205	The Haunting of Hill House	Netflix
206	Blood of Zeus	Netflix
207	The Trials of Gabriel Fernandez	Netflix
208	Dead to Me	Netflix
209	One Day at a Time	Netflix
210	Car Masters: Rust to Riches	Netflix
211	Narcos: Mexico	Netflix
212	Sense8	Netflix
213	Spinning Out	Netflix
214	Marco Polo	Netflix
215	Marlon	Netflix
216	Bloodline	Netflix
217	House of Cards	Netflix
218	Headspace Guide to Meditation	Netflix
219	F is for Family	Netflix
220	Ratched	Netflix
221	You Me Her	Netflix
222	Warrior Nun	Netflix
223	Scream	Netflix
224	Too Hot to Handle	Netflix
225	Sex Education	Netflix
226	Emily in Paris	Netflix
227	Good Girls	Netflix
228	Orange Is the New Black	Netflix
229	The Boss Baby: Back in Business	Netflix
230	Alexa & Katie	Netflix
231	Atypical	Netflix
232	Julie and the Phantoms	Netflix
233	Crash Landing on You	Netflix
234	Pup Academy	Netflix
235	The Good Place	Netflix
236	Fuller House	Netflix
237	Never Have I Ever	Netflix
238	Family Reunion	Netflix
239	On My Block	Netflix
240	All Hail King Julien	Netflix
241	The Ranch	Netflix
242	A Series of Unfortunate Events	Netflix
243	The End of the F***ing World	Netflix
244	Grace and Frankie	Netflix
245	Malibu Rescue: The Series	Netflix
246	Start-Up	Netflix
247	How to Sell Drugs Online (Fast)	Netflix
248	Trolls: The Beat Goes On!	Netflix
249	Insatiable	Netflix
250	Well-Intended Love	Netflix
251	The Adventures of Puss in Boots	Netflix
252	The InBESTigators	Netflix
253	Richie Rich	Netflix
254	The Last Kids on Earth	Netflix
255	It's Okay to Not Be Okay	Netflix
256	Always a Witch	Netflix
257	Dirk Gently's Holistic Detective Agency	Netflix
258	The Epic Tales of Captain Underpants	Netflix
259	Dead to Me	Netflix
260	Home for Christmas	Netflix
261	One Day at a Time	Netflix
262	Mighty Little Bheem	Netflix
263	Marlon	Netflix
264	Accidentally in Love	Netflix
265	Romance Is a Bonus Book	Netflix
266	Rita	Netflix
267	Kipo and the Age of Wonderbeasts	Netflix
268	You Me Her	Netflix
269	Dragons: Rescue Riders	Netflix
270	Good Morning Call	Netflix
271	Shaun the Sheep: Adventures from Mossy Bottom	Netflix
272	Some Assembly Required	Netflix
273	The Boss Baby: Get That Baby!	Netflix
274	Workin' Moms	Netflix
275	I Am Not Okay With This	Netflix
276	The Big Show Show	Netflix
277	Santa Clarita Diet	Netflix
278	Team Kaylie	Netflix
279	Ashley Garcia: Genius in Love	Netflix
280	Do Do Sol Sol La La Sol	Netflix
281	AJ and the Queen	Netflix
282	Daybreak	Netflix
283	Mr. Iglesias	Netflix
284	All Hail King Julien: Exiled	Netflix
285	Green Eggs and Ham	Netflix
286	Valeria	Netflix
287	The Healing Powers of Dude	Netflix
288	Alien TV	Netflix
289	Hi Bye, Mama!	Netflix
290	Call My Agent!	Netflix
291	No Good Nick	Netflix
292	Teenage Bounty Hunters	Netflix
293	The Hook Up Plan	Netflix
294	Mighty Little Bheem: Kite Festival	Netflix
295	DASH & LILY	Netflix
296	Absurd Planet	Netflix
297	Disjointed	Netflix
298	Close Enough	Netflix
299	Hospital Playlist	Netflix
300	Locked Up	Netflix
301	The Crown	Netflix
302	We Can Be Heroes	Netflix
303	El Dragón: Return of a Warrior	Netflix
304	Gabby's Dollhouse	Netflix
305	The Last Kingdom	Netflix
306	Elite	Netflix
307	Sex Education	Netflix
308	Jurassic World Camp Cretaceous	Netflix
309	Tiny Pretty Things	Netflix
310	Dark Desire	Netflix
311	Star Trek: Discovery	Netflix
312	Emily in Paris	Netflix
313	Good Girls	Netflix
314	The Worst Witch	Netflix
315	Good Morning, Verônica	Netflix
316	Alice in Borderland	Netflix
317	Unauthorized Living	Netflix
318	The Boss Baby: Back in Business	Netflix
319	Feel the Beat	Netflix
320	Alexa & Katie	Netflix
321	The SpongeBob Movie: Sponge on the Run	Netflix
322	Surviving Death	Netflix
323	Outer Banks	Netflix
324	Just Another Christmas	Netflix
325	Ozark	Netflix
326	13 Reasons Why	Netflix
327	Extraction	Netflix
328	She-Ra and the Princesses of Power	Netflix
329	Dark	Netflix
330	Julie and the Phantoms	Netflix
331	Over the Moon	Netflix
332	Pup Academy	Netflix
333	The Kissing Booth 2	Netflix
334	Greenleaf	Netflix
335	The Good Place	Netflix
336	Fuller House	Netflix
337	Enola Holmes	Netflix
338	Fast & Furious Spy Racers	Netflix
339	Spenser Confidential	Netflix
340	The Old Guard	Netflix
341	Never Have I Ever	Netflix
342	Sweet Home	Netflix
343	Anitta: Made In Honório	Netflix
344	Greenhouse Academy	Netflix
345	The Uncanny Counter	Netflix
346	Family Reunion	Netflix
347	The Rain	Netflix
348	The Order	Netflix
349	The Haunting of Bly Manor	Netflix
350	On My Block	Netflix
351	The Baby-Sitters Club	Netflix
352	Carmen Sandiego	Netflix
353	Airplane Mode	Netflix
354	Better Call Saul	Netflix
355	The Ranch	Netflix
356	Hilda	Netflix
357	Work It	Netflix
358	My Holo Love	Netflix
359	Ava	Netflix
360	To All the Boys: P.S. I Still Love You	Netflix
361	Ragnarok	Netflix
362	Monarca	Netflix
363	Pieces of a Woman	Netflix
364	Record of Youth	Netflix
365	Grace and Frankie	Netflix
366	Pets United	Netflix
367	The Midnight Sky	Netflix
368	A Fall from Grace	Netflix
369	Start-Up	Netflix
370	How to Sell Drugs Online (Fast)	Netflix
371	The King: Eternal Monarch	Netflix
372	The Last Dance	Netflix
373	Self Made: Inspired by the Life of Madam C.J. Walker	Netflix
374	Holidate	Netflix
375	Anne with an E	Netflix
376	Free Rein	Netflix
377	Spirit Riding Free	Netflix
378	Mako Mermaids: An H2O Adventure	Netflix
379	Jurassic World Camp Cretaceous	Netflix
380	The Worst Witch	Netflix
381	Lost in Space	Netflix
382	The Boss Baby: Back in Business	Netflix
383	Alexa & Katie	Netflix
384	Go! Live Your Way	Netflix
385	She-Ra and the Princesses of Power	Netflix
386	Julie and the Phantoms	Netflix
387	Pup Academy	Netflix
388	Fuller House	Netflix
389	Fast & Furious Spy Racers	Netflix
390	Chip and Potato	Netflix
391	Greenhouse Academy	Netflix
392	Turbo FAST	Netflix
393	Family Reunion	Netflix
394	The Dragon Prince	Netflix
395	The Baby-Sitters Club	Netflix
396	Carmen Sandiego	Netflix
397	All Hail King Julien	Netflix
398	Hilda	Netflix
399	Project Mc²	Netflix
400	A Series of Unfortunate Events	Netflix
401	Malibu Rescue: The Series	Netflix
402	Glitter Force	Netflix
403	Trolls: The Beat Goes On!	Netflix
404	The Adventures of Puss in Boots	Netflix
405	The InBESTigators	Netflix
406	Dinotrux	Netflix
407	Richie Rich	Netflix
408	The Last Kids on Earth	Netflix
409	Dawn of the Croods	Netflix
410	The Epic Tales of Captain Underpants	Netflix
411	Spirit Riding Free: Riding Academy	Netflix
412	One Day at a Time	Netflix
413	Wizards: Tales of Arcadia	Netflix
414	Mighty Little Bheem	Netflix
415	Raising Dion	Netflix
416	Marlon	Netflix
417	True and the Rainbow Kingdom	Netflix
418	Wakfu	Netflix
419	Ever After High	Netflix
420	Kipo and the Age of Wonderbeasts	Netflix
421	Dragons: Rescue Riders	Netflix
422	Edgar Rice Burroughs' Tarzan and Jane	Netflix
423	Super Monsters	Netflix
424	Shaun the Sheep: Adventures from Mossy Bottom	Netflix
425	The New Legends of Monkey	Netflix
426	Creeped Out	Netflix
427	Some Assembly Required	Netflix
428	Floor Is Lava	Netflix
429	Word Party	Netflix
430	The Boss Baby: Get That Baby!	Netflix
431	H2O: Mermaid Adventures	Netflix
432	The Hollow	Netflix
433	You vs. Wild	Netflix
434	Spirit Riding Free: Pony Tales	Netflix
435	Voltron: Legendary Defender	Netflix
436	Glitch Techs	Netflix
437	3Below: Tales of Arcadia	Netflix
438	The Big Show Show	Netflix
439	Hello Ninja	Netflix
440	Team Kaylie	Netflix
441	Ashley Garcia: Genius in Love	Netflix
442	Sugar Rush	Netflix
443	All Hail King Julien: Exiled	Netflix
444	Green Eggs and Ham	Netflix
445	Kong: King of the Apes	Netflix
446	Dinotrux Supercharged	Netflix
447	World of Winx	Netflix
448	Chico Bon Bon: Monkey with a Tool Belt	Netflix
449	Sugar Rush Christmas	Netflix
450	Elite	Netflix
451	Star Trek: Discovery	Netflix
452	La Reina del Sur	Netflix
453	Orphan Black	Netflix
454	Big Mouth	Netflix
455	Ozark	Netflix
456	Crash Landing on You	Netflix
457	Greenleaf	Netflix
458	The Good Place	Netflix
459	Our Planet	Netflix
460	BoJack Horseman	Netflix
461	Better Call Saul	Netflix
462	Cable Girls	Netflix
463	The End of the F***ing World	Netflix
464	When They See Us	Netflix
465	The Last Dance	Netflix
466	The Alienist	Netflix
467	Itaewon Class	Netflix
468	RuPaul's Drag Race	Netflix
469	Unbelievable	Netflix
470	Black Mirror	Netflix
471	Dead to Me	Netflix
472	One Day at a Time	Netflix
473	Sense8	Netflix
474	Bloodline	Netflix
475	House of Cards	Netflix
476	Unorthodox	Netflix
477	The Queen of Flow	Netflix
478	Godless	Netflix
479	Glitch	Netflix
480	Slasher	Netflix
481	Bodyguard	Netflix
482	Mr. Sunshine	Netflix
483	Love, Death & Robots	Netflix
484	Alias Grace	Netflix
485	Don't F**k with Cats: Hunting an Internet Killer	Netflix
486	The Final Table	Netflix
487	Queer Eye	Netflix
488	Marcella	Netflix
489	Bad Blood	Netflix
490	The Kominsky Method	Netflix
491	Trailer Park Boys	Netflix
492	Arrested Development	Netflix
493	Unbreakable Kimmy Schmidt	Netflix
494	Inside Bill's Brain: Decoding Bill Gates	Netflix
495	When the Camellia Blooms	Netflix
496	Chef's Table	Netflix
497	Hollywood	Netflix
498	Wild Wild Country	Netflix
499	Rhythm + Flow	Netflix
500	Black Mirror: Bandersnatch	Netflix
501	Dear White People	Netflix
502	The Twelve	Netflix
503	Delhi Crime	Netflix
504	Seven Seconds	Netflix
505	Making a Murderer	Netflix
506	Nobody's Looking	Netflix
507	The Dark Crystal: Age of Resistance	Netflix
508	Tales of the City	Netflix
509	Russian Doll	Netflix
510	Prison Playbook	Netflix
511	Last Chance U	Netflix
512	Secret City	Netflix
513	Dolly Parton's Heartstrings	Netflix
514	The Staircase	Netflix
515	GLOW	Netflix
516	Special	Netflix
517	Hip-Hop Evolution	Netflix
518	Cheer	Netflix
519	Master of None	Netflix
520	Comedians in Cars Getting Coffee	Netflix
521	Tuca & Bertie	Netflix
522	Stateless	Netflix
523	Giri / Haji	Netflix
524	The Defiant Ones	Netflix
525	Shooter	Netflix
526	Designated Survivor	Netflix
527	Marvel's The Punisher	Netflix
528	Lost in Space	Netflix
529	Unauthorized Living	Netflix
530	El Chapo	Netflix
531	Ozark	Netflix
532	Titans	Netflix
533	Dark	Netflix
534	Spenser Confidential	Netflix
535	Castlevania	Netflix
536	Brotherhood	Netflix
537	Better Call Saul	Netflix
538	Ava	Netflix
539	Toy Boy	Netflix
540	The Last Dance	Netflix
541	Stolen Away	Netflix
542	Surviving Escobar - Alias JJ	Netflix
543	6 Underground	Netflix
544	Cursed	Netflix
545	Formula 1: Drive to Survive	Netflix
546	Project Power	Netflix
547	The Mechanism	Netflix
548	Car Masters: Rust to Riches	Netflix
549	Bordertown	Netflix
550	Narcos: Mexico	Netflix
551	Marco Polo	Netflix
552	Barbarians	Netflix
553	Las muñecas de la mafia	Netflix
554	Mowgli: Legend of the Jungle	Netflix
555	Altered Carbon	Netflix
556	Snowpiercer	Netflix
557	Suburra: Blood on Rome	Netflix
558	Mosul	Netflix
559	Triple Frontier	Netflix
560	Undercover	Netflix
561	The Forest	Netflix
562	Lost Bullet	Netflix
563	Undercover Law	Netflix
564	Dare Me	Netflix
565	Dorohedoro	Netflix
566	Top Boy	Netflix
567	Daybreak	Netflix
568	Bright	Netflix
569	The Irishman	Netflix
570	Love, Death & Robots	Netflix
571	Mirage	Netflix
572	Hyperdrive	Netflix
573	From Dusk Till Dawn	Netflix
574	V Wars	Netflix
575	Wu Assassins	Netflix
576	Marvel's The Defenders	Netflix
577	Quicksand	Netflix
578	Polar	Netflix
579	Black Summer	Netflix
580	The Beast	Netflix
581	Rogue City	Netflix
582	Fractured	Netflix
583	Deadwind	Netflix
584	Burn Out	Netflix
585	Message from the King	Netflix
586	Devilman Crybaby	Netflix
587	El Camino: A Breaking Bad Movie	Netflix
588	SWORDGAI The Animation	Netflix
589	Extinction	Netflix
590	Freud	Netflix
591	Matchday: Inside FC Barcelona	Netflix
592	Fastest Car	Netflix
593	The Crew	Netflix
594	The Great Heist	Netflix
595	White Lines	Netflix
596	Heavy Rescue: 401	Netflix
597	The Woods	Netflix
598	Signs	Netflix
599	Crouching Tiger, Hidden Dragon: Sword of Destiny	Netflix
600	Dynasty	Netflix
601	You	Netflix
602	Marvel's Iron Fist	Netflix
603	Sintonia	Netflix
604	13 Reasons Why	Netflix
605	Dark	Netflix
606	Brotherhood	Netflix
607	Sweet Home	Netflix
608	The Rain	Netflix
609	Van Helsing	Netflix
610	The Order	Netflix
611	Better Call Saul	Netflix
612	Cable Girls	Netflix
613	A Series of Unfortunate Events	Netflix
614	Monarca	Netflix
615	Marvel's Luke Cage	Netflix
616	When They See Us	Netflix
617	How to Sell Drugs Online (Fast)	Netflix
618	Ingobernable	Netflix
619	Toy Boy	Netflix
620	Insatiable	Netflix
621	Marvel's Jessica Jones	Netflix
622	The Alienist	Netflix
623	The Barrier	Netflix
624	Always a Witch	Netflix
625	MINDHUNTER	Netflix
626	Girls from Ipanema	Netflix
627	Locke & Key	Netflix
628	Unbelievable	Netflix
629	The Mess You Leave Behind	Netflix
630	The Haunting of Hill House	Netflix
631	Dead to Me	Netflix
632	Bordertown	Netflix
633	To the Lake	Netflix
634	Sense8	Netflix
635	Control Z	Netflix
636	Marco Polo	Netflix
637	Barbarians	Netflix
638	High Seas	Netflix
639	Baby	Netflix
640	Bloodline	Netflix
641	House of Cards	Netflix
642	Las muñecas de la mafia	Netflix
643	Unorthodox	Netflix
644	Ratched	Netflix
645	Altered Carbon	Netflix
646	All For Love	Netflix
647	Away	Netflix
648	Messiah	Netflix
649	Godless	Netflix
650	Frontier	Netflix
651	Suburra: Blood on Rome	Netflix
652	Glitch	Netflix
653	The Society	Netflix
654	Travelers	Netflix
655	The Sinner	Netflix
656	Undercover	Netflix
657	Undercover Law	Netflix
658	Kingdom	Netflix
659	Dare Me	Netflix
660	I Am Not Okay With This	Netflix
661	Top Boy	Netflix
662	Into the Night	Netflix
663	La Mante	Netflix
664	Bodyguard	Netflix
665	Mr. Sunshine	Netflix
666	Safe	Netflix
667	Unsolved	Netflix
668	The OA	Netflix
669	Luna Nera	Netflix
670	Blood & Water	Netflix
671	V Wars	Netflix
672	Marvel's The Defenders	Netflix
673	No Good Nick	Netflix
674	Quicksand	Netflix
675	Alice in Borderland	Netflix
676	Meteor Garden	Netflix
677	The Yard	Netflix
678	Crash Landing on You	Netflix
679	Sweet Home	Netflix
680	The Uncanny Counter	Netflix
681	The Rain	Netflix
682	Cable Girls	Netflix
683	My Holo Love	Netflix
684	Ragnarok	Netflix
685	My First First Love	Netflix
686	Record of Youth	Netflix
687	Start-Up	Netflix
688	How to Sell Drugs Online (Fast)	Netflix
689	The King: Eternal Monarch	Netflix
690	Toy Boy	Netflix
691	Vagabond	Netflix
692	Well-Intended Love	Netflix
693	Stolen Away	Netflix
694	The Protector	Netflix
695	Love Alarm	Netflix
696	Itaewon Class	Netflix
697	The Barrier	Netflix
698	It's Okay to Not Be Okay	Netflix
699	The Mess You Leave Behind	Netflix
700	Home for Christmas	Netflix
701	Bordertown	Netflix
702	To the Lake	Netflix
703	The Bonfire of Destiny	Netflix
704	Barbarians	Netflix
705	High Seas	Netflix
706	Accidentally in Love	Netflix
707	Romance Is a Bonus Book	Netflix
708	Baby	Netflix
709	Rita	Netflix
710	Unorthodox	Netflix
711	Good Morning Call	Netflix
712	Suburra: Blood on Rome	Netflix
713	Better Than Us	Netflix
714	Undercover	Netflix
715	The Forest	Netflix
716	Kingdom	Netflix
717	Extracurricular	Netflix
718	Equinox	Netflix
719	Morocco: Love in Times of War	Netflix
720	Into the Night	Netflix
721	Do Do Sol Sol La La Sol	Netflix
722	La Mante	Netflix
723	Something in the Rain	Netflix
724	Rookie Historian Goo Hae-Ryung	Netflix
725	Mr. Sunshine	Netflix
726	Valeria	Netflix
727	Luna Nera	Netflix
728	Blood & Water	Netflix
729	Cathedral of the Sea	Netflix
730	Ethos	Netflix
731	Abyss	Netflix
732	Handsome Siblings	Netflix
733	Hi Bye, Mama!	Netflix
734	Call My Agent!	Netflix
735	Love 101	Netflix
736	Quicksand	Netflix
737	The Gift	Netflix
738	The Hook Up Plan	Netflix
739	One Spring Night	Netflix
740	Chocolate	Netflix
741	Deadwind	Netflix
742	Hospital Playlist	Netflix
743	Caliphate	Netflix
744	Family Business	Netflix
745	Marianne	Netflix
746	Love & Anarchy	Netflix
747	The Valhalla Murders	Netflix
748	Busted!	Netflix
749	Money Heist: The Phenomenon	Netflix
750	The Seven Deadly Sins	Netflix
751	Kakegurui	Netflix
752	Outer Banks	Netflix
753	She-Ra and the Princesses of Power	Netflix
754	Fast & Furious Spy Racers	Netflix
755	Little Witch Academia	Netflix
756	Turbo FAST	Netflix
757	The Uncanny Counter	Netflix
758	The Dragon Prince	Netflix
759	Van Helsing	Netflix
760	Carmen Sandiego	Netflix
761	Project Mc²	Netflix
762	Ragnarok	Netflix
763	Marvel's Luke Cage	Netflix
764	Black Lightning	Netflix
765	Malibu Rescue: The Series	Netflix
766	Glitter Force	Netflix
767	The Last Dance	Netflix
768	Vagabond	Netflix
769	The Protector	Netflix
770	Marvel's Jessica Jones	Netflix
771	Surviving Escobar - Alias JJ	Netflix
772	Dinotrux	Netflix
773	The Last Kids on Earth	Netflix
774	Formula 1: Drive to Survive	Netflix
775	Dirk Gently's Holistic Detective Agency	Netflix
776	The Circle Brazil	Netflix
777	The Epic Tales of Captain Underpants	Netflix
778	Car Masters: Rust to Riches	Netflix
779	Wizards: Tales of Arcadia	Netflix
780	Marco Polo	Netflix
781	Barbarians	Netflix
782	BNA	Netflix
783	Raising Dion	Netflix
784	​SAINT SEIYA: Knights of the Zodiac	Netflix
785	Wakfu	Netflix
786	Kipo and the Age of Wonderbeasts	Netflix
787	Warrior Nun	Netflix
788	Edgar Rice Burroughs' Tarzan and Jane	Netflix
789	Away	Netflix
790	The New Legends of Monkey	Netflix
791	Suburra: Blood on Rome	Netflix
792	Floor Is Lava	Netflix
793	Travelers	Netflix
794	The Boss Baby: Get That Baby!	Netflix
795	Undercover	Netflix
796	The Hollow	Netflix
797	Ultimate Beastmaster Brasil	Netflix
798	You vs. Wild	Netflix
799	Undercover Law	Netflix
800	Magi: Adventure of Sinbad	Netflix
801	Kingdom	Netflix
802	Voltron: Legendary Defender	Netflix
803	Glitch Techs	Netflix
804	Daybreak	Netflix
805	Bodyguard	Netflix
806	Sugar Rush	Netflix
807	Mr. Sunshine	Netflix
808	Green Eggs and Ham	Netflix
809	Bolívar	Netflix
810	Kong: King of the Apes	Netflix
811	Roman Empire	Netflix
812	Dinotrux Supercharged	Netflix
813	World of Winx	Netflix
814	Sugar Rush Christmas	Netflix
815	Hyperdrive	Netflix
816	Spy Kids: Mission Critical	Netflix
817	Glitter Force Doki Doki	Netflix
818	Transformers: War for Cybertron: Earthrise	Netflix
819	Wanted	Netflix
820	Troy: Fall of a City	Netflix
821	Wu Assassins	Netflix
822	Handsome Siblings	Netflix
823	Marvel's The Defenders	Netflix
824	THE UNLISTED	Netflix
825	Feel the Beat	Netflix
826	The SpongeBob Movie: Sponge on the Run	Netflix
827	Just Another Christmas	Netflix
828	The Kissing Booth 2	Netflix
829	The Kissing Booth	Netflix
830	Spenser Confidential	Netflix
831	Airplane Mode	Netflix
832	Work It	Netflix
833	To All the Boys: P.S. I Still Love You	Netflix
834	Pets United	Netflix
835	To All the Boys I’ve Loved Before	Netflix
836	Holidate	Netflix
837	Murder Mystery	Netflix
838	The Christmas Chronicles: Part Two	Netflix
839	Tall Girl	Netflix
840	Whindersson Nunes: Adult	Netflix
841	The Climb	Netflix
842	The Christmas Chronicles	Netflix
843	Shaft	Netflix
844	A California Christmas	Netflix
845	Falling Inn Love	Netflix
846	The Perfect Date	Netflix
847	Rich in Love	Netflix
848	Sextuplets	Netflix
849	Live Twice, Love Once	Netflix
850	Thiago Ventura: POKAS	Netflix
851	The Boss Baby: Get That Baby!	Netflix
852	The Babysitter: Killer Queen	Netflix
853	Rose Island	Netflix
854	Animal Crackers	Netflix
855	Fierce	Netflix
856	The Willoughbys	Netflix
857	Asphalt Burning	Netflix
858	The Ridiculous 6	Netflix
859	Afonso Padilha: Classless	Netflix
860	The Main Event	Netflix
861	Love, Guaranteed	Netflix
862	Klaus	Netflix
863	Malibu Rescue: The Next Wave	Netflix
864	The Larva Island Movie	Netflix
865	Bad Seeds	Netflix
866	The Sleepover	Netflix
867	Malibu Rescue	Netflix
868	Hubie Halloween	Netflix
869	The Do-Over	Netflix
870	The Wrong Missy	Netflix
871	Operation Christmas Drop	Netflix
872	Think Like a Dog	Netflix
873	The Babysitter	Netflix
874	Next Gen	Netflix
875	The Knight Before Christmas	Netflix
876	Nappily Ever After	Netflix
877	Set It Up	Netflix
878	You've Got This	Netflix
879	A Shaun the Sheep Movie: Farmageddon	Netflix
880	Dumplin'	Netflix
881	Dad Wanted	Netflix
882	Isn't It Romantic	Netflix
883	Sierra Burgess Is a Loser	Netflix
884	Okja	Netflix
885	The Package	Netflix
886	Duck Duck Goose	Netflix
887	Isi & Ossi	Netflix
888	Seventeen	Netflix
889	The Half Of It	Netflix
890	Death to 2020	Netflix
891	Fearless	Netflix
892	The Ballad of Buster Scruggs	Netflix
893	MILF	Netflix
894	The Last Summer	Netflix
895	The Week Of	Netflix
896	The Fundamentals of Caring	Netflix
897	Arctic Dogs	Netflix
898	The Prom	Netflix
899	Father of the Year	Netflix
900	Julie and the Phantoms	Netflix
901	Over the Moon	Netflix
902	Pup Academy	Netflix
903	Fuller House	Netflix
904	Enola Holmes	Netflix
905	Our Planet	Netflix
906	Little Witch Academia	Netflix
907	Greenhouse Academy	Netflix
908	Turbo FAST	Netflix
909	Family Reunion	Netflix
910	The Dragon Prince	Netflix
911	The Baby-Sitters Club	Netflix
912	Carmen Sandiego	Netflix
913	Airplane Mode	Netflix
914	Hilda	Netflix
915	Project Mc²	Netflix
916	A Series of Unfortunate Events	Netflix
917	The Boy Who Harnessed the Wind	Netflix
918	Malibu Rescue: The Series	Netflix
919	The InBESTigators	Netflix
920	The Christmas Chronicles: Part Two	Netflix
921	Richie Rich	Netflix
922	The Last Kids on Earth	Netflix
923	Dawn of the Croods	Netflix
924	The Epic Tales of Captain Underpants	Netflix
925	Tall Girl	Netflix
926	Spirit Riding Free: Riding Academy	Netflix
927	One Day at a Time	Netflix
928	Wizards: Tales of Arcadia	Netflix
929	A Whisker Away	Netflix
930	Raising Dion	Netflix
931	Marlon	Netflix
932	The Princess Switch	Netflix
933	Wakfu	Netflix
934	The Princess Switch: Switched Again	Netflix
935	Kipo and the Age of Wonderbeasts	Netflix
936	The Christmas Chronicles	Netflix
937	Mowgli: Legend of the Jungle	Netflix
938	Edgar Rice Burroughs' Tarzan and Jane	Netflix
939	Pokémon: Mewtwo Strikes Back - Evolution	Netflix
940	The New Legends of Monkey	Netflix
941	Creeped Out	Netflix
942	Benji	Netflix
943	Some Assembly Required	Netflix
944	Nailed It!	Netflix
945	Floor Is Lava	Netflix
946	The A List	Netflix
947	The Boss Baby: Get That Baby!	Netflix
948	H2O: Mermaid Adventures	Netflix
949	The Hollow	Netflix
950	Animal Crackers	Netflix
951	Ultimate Beastmaster Brasil	Netflix
952	You vs. Wild	Netflix
953	Spirit Riding Free: Pony Tales	Netflix
954	The Willoughbys	Netflix
955	Voltron: Legendary Defender	Netflix
956	The Main Event	Netflix
957	Klaus	Netflix
958	Glitch Techs	Netflix
959	3Below: Tales of Arcadia	Netflix
960	The Big Show Show	Netflix
961	Malibu Rescue: The Next Wave	Netflix
962	Team Kaylie	Netflix
963	Ashley Garcia: Genius in Love	Netflix
964	The World's Most Extraordinary Homes	Netflix
965	Sugar Rush	Netflix
966	A Christmas Prince	Netflix
967	The Sleepover	Netflix
968	All Hail King Julien: Exiled	Netflix
969	Green Eggs and Ham	Netflix
970	Malibu Rescue	Netflix
971	Kong: King of the Apes	Netflix
972	Sugar Rush Christmas	Netflix
973	Spy Kids: Mission Critical	Netflix
974	Free Rein: Valentine's Day	Netflix
975	Extraction	Netflix
976	The Old Guard	Netflix
977	Ava	Netflix
978	To All the Boys: P.S. I Still Love You	Netflix
979	The Midnight Sky	Netflix
980	Murder Mystery	Netflix
981	6 Underground	Netflix
982	The Christmas Chronicles: Part Two	Netflix
983	Project Power	Netflix
984	The Christmas Chronicles	Netflix
985	Bird Box	Netflix
986	Shaft	Netflix
987	The Two Popes	Netflix
988	Sextuplets	Netflix
989	Triple Frontier	Netflix
990	The Willoughbys	Netflix
991	The Ridiculous 6	Netflix
992	The Highwaymen	Netflix
993	Klaus	Netflix
994	Bright	Netflix
995	The Irishman	Netflix
996	Hillbilly Elegy	Netflix
997	Hubie Halloween	Netflix
998	The Do-Over	Netflix
999	Next Gen	Netflix
1000	Rebecca	Netflix
1001	The Trial of the Chicago 7	Netflix
1002	A Babysitter's Guide to Monster Hunting	Netflix
1003	The King	Netflix
1004	Ma Rainey's Black Bottom	Netflix
1005	El Camino: A Breaking Bad Movie	Netflix
1006	Isn't It Romantic	Netflix
1007	Okja	Netflix
1008	Outlaw King	Netflix
1009	Crouching Tiger, Hidden Dragon: Sword of Destiny	Netflix
1010	Jingle Jangle: A Christmas Journey	Netflix
1011	The Ballad of Buster Scruggs	Netflix
1012	The Week Of	Netflix
1013	Arctic Dogs	Netflix
1014	Annihilation	Netflix
1015	The Prom	Netflix
1016	Da 5 Bloods	Netflix
1017	Otherhood	Netflix
1018	Uncut Gems	Netflix
1019	True Memoirs of an International Assassin	Netflix
1020	Our Souls at Night	Netflix
1021	The Titan	Netflix
1022	Game Over, Man!	Netflix
1023	First They Killed My Father	Netflix
1024	Always Be My Maybe	Netflix
1025	Let It Snow	Netflix
1026	Eurovision Song Contest: The Story of Fire Saga	Netflix
1027	The Cloverfield Paradox	Netflix
1028	MANK	Netflix
1029	The Laundromat	Netflix
1030	The Boys in the Band	Netflix
1031	Wine Country	Netflix
1032	The Last Thing He Wanted	Netflix
1033	Sandy Wexler	Netflix
1034	Anon	Netflix
1035	War Machine	Netflix
1036	Velvet Buzzsaw	Netflix
1037	Atypical	Netflix
1038	Greenleaf	Netflix
1039	Never Have I Ever	Netflix
1040	The Haunting of Bly Manor	Netflix
1041	On My Block	Netflix
1042	Better Call Saul	Netflix
1043	The Ranch	Netflix
1044	Marvel's Luke Cage	Netflix
1045	Grace and Frankie	Netflix
1046	Black Lightning	Netflix
1047	When They See Us	Netflix
1048	Self Made: Inspired by the Life of Madam C.J. Walker	Netflix
1049	Insatiable	Netflix
1050	Sweet Magnolias	Netflix
1051	Marvel's Jessica Jones	Netflix
1052	The Alienist	Netflix
1053	Cursed	Netflix
1054	MINDHUNTER	Netflix
1055	Locke & Key	Netflix
1056	Unbelievable	Netflix
1057	The Haunting of Hill House	Netflix
1058	Dead to Me	Netflix
1059	Narcos: Mexico	Netflix
1060	Sense8	Netflix
1061	Spinning Out	Netflix
1062	Marco Polo	Netflix
1063	Bloodline	Netflix
1064	House of Cards	Netflix
1065	Ratched	Netflix
1066	You Me Her	Netflix
1067	Altered Carbon	Netflix
1068	Away	Netflix
1069	Trinkets	Netflix
1070	Messiah	Netflix
1071	Godless	Netflix
1072	Snowpiercer	Netflix
1073	The Stranger	Netflix
1074	The Society	Netflix
1075	The Sinner	Netflix
1076	Dare Me	Netflix
1077	I Am Not Okay With This	Netflix
1078	Manhunt	Netflix
1079	The Mist	Netflix
1080	Somewhere Between	Netflix
1081	AJ and the Queen	Netflix
1082	Unsolved	Netflix
1083	The OA	Netflix
1084	V Wars	Netflix
1085	Selena: The Series	Netflix
1086	Marvel's The Defenders	Netflix
1087	Black Summer	Netflix
1088	Teenage Bounty Hunters	Netflix
1089	Grand Army	Netflix
1090	DASH & LILY	Netflix
1091	The I-Land	Netflix
1092	Another Life	Netflix
1093	Gypsy	Netflix
1094	Bad Blood	Netflix
1095	The Kominsky Method	Netflix
1096	Gilmore Girls: A Year in the Life	Netflix
1097	BONDING	Netflix
1098	Dirty John	Netflix
1099	Northern Rescue	Netflix
1100	Easy	Netflix
1101	The Last Czars	Netflix
1102	Damnation	Netflix
1103	Hollywood	Netflix
1104	WHAT / IF	Netflix
1105	Love	Netflix
1106	Lilyhammer	Netflix
1107	October Faction	Netflix
1108	Everything Sucks!	Netflix
1109	Dear White People	Netflix
1110	Seven Seconds	Netflix
1111	The Get Down	Netflix
1112	My Holo Love	Netflix
1113	My First First Love	Netflix
1114	Record of Youth	Netflix
1115	Start-Up	Netflix
1116	The King: Eternal Monarch	Netflix
1117	Vagabond	Netflix
1118	Love Alarm	Netflix
1119	Itaewon Class	Netflix
1120	It's Okay to Not Be Okay	Netflix
1121	Romance Is a Bonus Book	Netflix
1122	Kingdom	Netflix
1123	Extracurricular	Netflix
1124	Do Do Sol Sol La La Sol	Netflix
1125	Something in the Rain	Netflix
1126	Rookie Historian Goo Hae-Ryung	Netflix
1127	Mr. Sunshine	Netflix
1128	Abyss	Netflix
1129	Hi Bye, Mama!	Netflix
1130	One Spring Night	Netflix
1131	Chocolate	Netflix
1132	Hospital Playlist	Netflix
1133	Private Lives	Netflix
1134	Black	Netflix
1135	When the Camellia Blooms	Netflix
1136	Memories of the Alhambra	Netflix
1137	Was It Love?	Netflix
1138	Arthdal Chronicles	Netflix
1139	My Country: The New Age	Netflix
1140	Mystic Pop-up Bar	Netflix
1141	Rugal	Netflix
1142	Prison Playbook	Netflix
1143	The School Nurse Files	Netflix
1144	My Only Love Song	Netflix
1145	Man to Man	Netflix
1146	Life	Netflix
1147	Live	Netflix
1148	Designated Survivor: 60 Days	Netflix
1149	Hyena	Netflix
1150	Hymn of Death	Netflix
1151	One More Time	Netflix
1152	White Nights	Netflix
1153	The Lies Within	Netflix
1154	Bad Guys: Vile City	Netflix
1155	The Sound of Your Heart	Netflix
1156	Possessed	Netflix
1157	Chief of Staff	Netflix
1158	YG Future Strategy Office	Netflix
1159	Persona	Netflix
1160	Argon	Netflix
1161	The Sound of Your Heart: Reboot	Netflix
1162	Chip and Potato	Netflix
1163	Turbo FAST	Netflix
1164	The Dragon Prince	Netflix
1165	Carmen Sandiego	Netflix
1166	All Hail King Julien	Netflix
1167	Hilda	Netflix
1168	Pets United	Netflix
1169	Trolls: The Beat Goes On!	Netflix
1170	The Adventures of Puss in Boots	Netflix
1171	Dinotrux	Netflix
1172	The Last Kids on Earth	Netflix
1173	Dawn of the Croods	Netflix
1174	The Epic Tales of Captain Underpants	Netflix
1175	Spirit Riding Free: Riding Academy	Netflix
1176	Wizards: Tales of Arcadia	Netflix
1177	Mighty Little Bheem	Netflix
1178	True and the Rainbow Kingdom	Netflix
1179	Wakfu	Netflix
1180	Ever After High	Netflix
1181	Kipo and the Age of Wonderbeasts	Netflix
1182	Headspace Guide to Meditation	Netflix
1183	Dragons: Rescue Riders	Netflix
1184	Edgar Rice Burroughs' Tarzan and Jane	Netflix
1185	Super Monsters	Netflix
1186	Shaun the Sheep: Adventures from Mossy Bottom	Netflix
1187	Word Party	Netflix
1188	The Boss Baby: Get That Baby!	Netflix
1189	H2O: Mermaid Adventures	Netflix
1190	The Hollow	Netflix
1191	Animal Crackers	Netflix
1192	Spirit Riding Free: Pony Tales	Netflix
1193	The Willoughbys	Netflix
1194	Voltron: Legendary Defender	Netflix
1195	Klaus	Netflix
1196	Glitch Techs	Netflix
1197	3Below: Tales of Arcadia	Netflix
1198	Hello Ninja	Netflix
1199	The Larva Island Movie	Netflix
1200	All Hail King Julien: Exiled	Netflix
1201	Green Eggs and Ham	Netflix
1202	Kong: King of the Apes	Netflix
1203	Dinotrux Supercharged	Netflix
1204	World of Winx	Netflix
1205	Chico Bon Bon: Monkey with a Tool Belt	Netflix
1206	True: Wonderful Wishes	Netflix
1207	Spy Kids: Mission Critical	Netflix
1208	Trash Truck	Netflix
1209	Next Gen	Netflix
1210	If Anything Happens I Love You	Netflix
1211	Alien TV	Netflix
1212	Charlie's Colorforms City	Netflix
1213	Mighty Little Bheem: Kite Festival	Netflix
1214	Spirit Riding Free: Ride Along Adventure	Netflix
1215	Close Enough	Netflix
1216	The Mr. Peabody and Sherman Show	Netflix
1217	True: Magical Friends	Netflix
1218	White Fang	Netflix
1219	Ask the StoryBots	Netflix
1220	Care Bears & Cousins	Netflix
1221	A Shaun the Sheep Movie: Farmageddon	Netflix
1222	Go! Go! Cory Carson	Netflix
1223	Rhyme Time Town	Netflix
1224	VeggieTales in the House	Netflix
1225	Skylanders Academy	Netflix
1226	Harvey Girls Forever!	Netflix
1227	Spirit Riding Free: Spirit of Christmas	Netflix
1228	Duck Duck Goose	Netflix
1229	Angela's Christmas Wish	Netflix
1230	Reboot: The Guardian Code	Netflix
1231	StarBeam	Netflix
1232	The Magic School Bus Rides Again	Netflix
1233	Fearless	Netflix
1234	Pinky Malinky	Netflix
1235	Puffin Rock	Netflix
1236	True: Terrific Tales	Netflix
1237	Bosch	Prime Video
1238	Hand of God	Prime Video
1239	The Man in the High Castle	Prime Video
1240	Mad Dogs	Prime Video
1241	Goliath	Prime Video
1242	Good Girls Revolt	Prime Video
1243	Sneaky Pete	Prime Video
1244	Z: The Beginning of Everything	Prime Video
1245	Patriot	Prime Video
1246	The Last Tycoon	Prime Video
1247	Lore	Prime Video
1248	Hanna	Prime Video
1249	Betas	Prime Video
1250	Alpha House	Prime Video
1251	Transparent	Prime Video
1252	Mozart in the Jungle	Prime Video
1253	Red Oaks	Prime Video
1254	One Mississippi	Prime Video
1255	Crisis in Six Scenes	Prime Video
1256	I Love Dick	Prime Video
1257	Comrade Detective	Prime Video
1258	The Tick	Prime Video
1259	The Marvelous Mrs. Maisel	Prime Video
1260	Jean-Claude Van Johnson	Prime Video
1261	The Dangerous Book for Boys	Prime Video
1262	Upload	Prime Video
1263	Soltos em Floripa	Prime Video
1264	Tudo ou Nada: Seleção Brasileira	Prime Video
1265	Ripper Street	Prime Video
1266	The Collection	Prime Video
1267	Britannia	Prime Video
1268	Clifford The Big Red Dog (2019)	Prime Video
1269	Variety	Prime Video
1270	Deadline	Prime Video
1271	Deadline	Prime Video
1272	Variety	Prime Video
1273	The Hollywood Reporter	Prime Video
1274	Variety	Prime Video
1275	Variety	Prime Video
1276	Variety	Prime Video
1277	a	Prime Video
1278	b	Prime Video
1279	c	Prime Video
1280	Deadline	Prime Video
1281	Deadline	Prime Video
1282	TVLine	Prime Video
1283	UOL	Prime Video
1284	Observatório do Cinema	Prime Video
1285	Variety	Prime Video
1286	The Grand Tour	Prime Video
1287	The Marvelous Mrs. Maisel	Prime Video
1288	Inside Edge	Prime Video
1289	Jack Ryan	Prime Video
1290	Hanna	Prime Video
1291	The Boys	Prime Video
1292	Carnival Row	Prime Video
1293	Undone	Prime Video
1294	El juego de las llaves	Prime Video
1295	The Feed	Prime Video
1296	The Expanse	Prime Video
1297	Hunters	Prime Video
1298	Tales from the Loop	Prime Video
1299	Upload	Prime Video
1300	Betas	Prime Video
1301	Transparent	Prime Video
1302	Mozart in the Jungle	Prime Video
1303	Ripper Street	Prime Video
1304	The Man in the High Castle	Prime Video
1305	Fleabag	Prime Video
1306	The Last Tycoon	Prime Video
1307	The Tick (série de televisão)	Prime Video
1308	Crisis in Six Scenes	Prime Video
1309	Britannia	Prime Video
1310	Falco	Prime Video
1311	Good Omens	Prime Video
1312	Daisy Jones & The Six	Prime Video
1313	King Lear	Prime Video
1314	Zoe	Prime Video
1315	The Upside	Prime Video
1316	Guava Island	Prime Video
1317	My Spy	Prime Video
1318	Radioactive	Prime Video
1319	Chemical Hearts	Prime Video
